[
  {
    "vocab": "起きてください",
    "type": "วลี (Phrase)",
    "meaning": "กรุณาตื่น",
    "jlpt": "N5"
  },
  {
    "vocab": "来てください",
    "type": "วลี (Phrase)",
    "meaning": "กรุณามา",
    "jlpt": "N5"
  },
  {
    "vocab": "立ってください",
    "type": "วลี (Phrase)",
    "meaning": "กรุณายืน",
    "jlpt": "N5"
  },
  {
    "vocab": "座ってください",
    "type": "วลี (Phrase)",
    "meaning": "กรุณานั่ง",
    "jlpt": "N5"
  },
  {
    "vocab": "静かにしてください",
    "type": "วลี (Phrase)",
    "meaning": "กรุณาเงียบ",
    "jlpt": "N5"
  },
  {
    "vocab": "遅れないでください",
    "type": "วลี (Phrase)",
    "meaning": "อย่ามาสาย",
    "jlpt": "N5"
  },
  {
    "vocab": "遅刻しないでください",
    "type": "วลี (Phrase)",
    "meaning": "อย่ามาสาย",
    "jlpt": "N5"
  },
  {
    "vocab": "忘れないでください",
    "type": "วลี (Phrase)",
    "meaning": "อย่าลืม",
    "jlpt": "N5"
  },
  {
    "vocab": "寝ないでください",
    "type": "วลี (Phrase)",
    "meaning": "อย่านอน",
    "jlpt": "N5"
  },
  {
    "vocab": "おかしを食べてはいけません",
    "type": "วลี (Phrase)",
    "meaning": "ห้ามกินขนม",
    "jlpt": "N5"
  },
  {
    "vocab": "トイレに行ってもいいですか",
    "type": "วลี (Phrase)",
    "meaning": "ขอไปห้องน้ำได้ไหมคะ/ครับ",
    "jlpt": "N5"
  },
  {
    "vocab": "遅れてすみません",
    "type": "วลี (Phrase)",
    "meaning": "ขอโทษที่มาสายค่ะ/ครับ",
    "jlpt": "N5"
  },
  {
    "vocab": "先生、いまいいですか",
    "type": "วลี (Phrase)",
    "meaning": "อาจารย์ ตอนนี้สะดวกไหมคะ/ครับ",
    "jlpt": "N5"
  },
  {
    "vocab": "クイズがしたいです",
    "type": "วลี (Phrase)",
    "meaning": "อยากขอสอบย่อยค่ะ/ครับ",
    "jlpt": "N5"
  },
  {
    "vocab": "誕生日おめでとう（ございます）",
    "type": "วลี (Phrase)",
    "meaning": "สุขสันต์วันเกิด",
    "jlpt": "N5"
  },
  {
    "vocab": "明けましておめでとう（ございます）",
    "type": "วลี (Phrase)",
    "meaning": "สวัสดีปีใหม่",
    "jlpt": "N5"
  },
  {
    "vocab": "今年もよろしくお願いします",
    "type": "วลี (Phrase)",
    "meaning": "ปีนี้ก็ขอฝากเนื้อฝากตัวด้วยนะคะ/ครับ",
    "jlpt": "N5"
  },
  {
    "vocab": "休みます",
    "type": "คำกริยา (Verb)",
    "meaning": "หยุด พัก",
    "jlpt": "N5"
  },
  {
    "vocab": "もうすぐですね",
    "type": "วลี (Phrase)",
    "meaning": "ใกล้จะถึงแล้วสินะ",
    "jlpt": "N5"
  },
  {
    "vocab": "何月",
    "type": "คำแสดงคำถาม (Question word)",
    "meaning": "เดือนอะไร",
    "jlpt": "N5"
  },
  {
    "vocab": "何日",
    "type": "คำแสดงคำถาม (Question word)",
    "meaning": "วันไหน วันที่เท่าไหร่",
    "jlpt": "N5"
  },
  {
    "vocab": "いつ  ",
    "type": "คำแสดงคำถาม (Question word)",
    "meaning": "เมื่อไหร่",
    "jlpt": "N5"
  },
  {
    "vocab": "たん生日",
    "type": "คำนาม (Noun)",
    "meaning": "วันเกิด",
    "jlpt": "N5"
  },
  {
    "vocab": "一月",
    "type": "คำนาม (Noun)",
    "meaning": "เดือนมกราคม",
    "jlpt": "N5"
  },
  {
    "vocab": "二月",
    "type": "คำนาม (Noun)",
    "meaning": "เดือนกุมภาพันธ์",
    "jlpt": "N5"
  },
  {
    "vocab": "三月",
    "type": "คำนาม (Noun)",
    "meaning": "เดือนมีนาคม",
    "jlpt": "N5"
  },
  {
    "vocab": "四月",
    "type": "คำนาม (Noun)",
    "meaning": "เดือนเมษายน",
    "jlpt": "N5"
  },
  {
    "vocab": "五月",
    "type": "คำนาม (Noun)",
    "meaning": "เดือนพฤษภาคม",
    "jlpt": "N5"
  },
  {
    "vocab": "六月",
    "type": "คำนาม (Noun)",
    "meaning": "เดือนมิถุนายน",
    "jlpt": "N5"
  },
  {
    "vocab": "七月",
    "type": "คำนาม (Noun)",
    "meaning": "เดือนกรกฎาคม",
    "jlpt": "N5"
  },
  {
    "vocab": "八月",
    "type": "คำนาม (Noun)",
    "meaning": "เดือนสิงหาคม",
    "jlpt": "N5"
  },
  {
    "vocab": "九月",
    "type": "คำนาม (Noun)",
    "meaning": "เดือนกันยายน",
    "jlpt": "N5"
  },
  {
    "vocab": "十月",
    "type": "คำนาม (Noun)",
    "meaning": "เดือนตุลาคม",
    "jlpt": "N5"
  },
  {
    "vocab": "十一月",
    "type": "คำนาม (Noun)",
    "meaning": "เดือนพฤศจิกายน",
    "jlpt": "N5"
  },
  {
    "vocab": "十二月",
    "type": "คำนาม (Noun)",
    "meaning": "เดือนธันวาคม",
    "jlpt": "N5"
  },
  {
    "vocab": "一日",
    "type": "คำนาม (Noun)",
    "meaning": "วันที่ 1",
    "jlpt": "N5"
  },
  {
    "vocab": "二日",
    "type": "คำนาม (Noun)",
    "meaning": "วันที่ 2",
    "jlpt": "N5"
  },
  {
    "vocab": "三日",
    "type": "คำนาม (Noun)",
    "meaning": "วันที่ 3",
    "jlpt": "N5"
  },
  {
    "vocab": "四日",
    "type": "คำนาม (Noun)",
    "meaning": "วันที่ 4",
    "jlpt": "N5"
  },
  {
    "vocab": "五日",
    "type": "คำนาม (Noun)",
    "meaning": "วันที่ 5",
    "jlpt": "N5"
  },
  {
    "vocab": "六日",
    "type": "คำนาม (Noun)",
    "meaning": "วันที่ 6",
    "jlpt": "N5"
  },
  {
    "vocab": "七日",
    "type": "คำนาม (Noun)",
    "meaning": "วันที่ 7",
    "jlpt": "N5"
  },
  {
    "vocab": "八日",
    "type": "คำนาม (Noun)",
    "meaning": "วันที่ 8",
    "jlpt": "N5"
  },
  {
    "vocab": "九日",
    "type": "คำนาม (Noun)",
    "meaning": "วันที่ 9",
    "jlpt": "N5"
  },
  {
    "vocab": "十日",
    "type": "คำนาม (Noun)",
    "meaning": "วันที่ 10",
    "jlpt": "N5"
  },
  {
    "vocab": "＿日",
    "type": "คำนาม (Noun)",
    "meaning": "วันที่ ...",
    "jlpt": "N5"
  },
  {
    "vocab": "十四日",
    "type": "คำนาม (Noun)",
    "meaning": "วันที่ 14",
    "jlpt": "N5"
  },
  {
    "vocab": "二十日",
    "type": "คำนาม (Noun)",
    "meaning": "วันที่ 20",
    "jlpt": "N5"
  },
  {
    "vocab": "二十四日",
    "type": "คำนาม (Noun)",
    "meaning": "วันที่ 24",
    "jlpt": "N5"
  },
  {
    "vocab": "クリスマス ",
    "type": "คำนาม (Noun)",
    "meaning": "วันคริสต์มาส",
    "jlpt": "N5"
  },
  {
    "vocab": "ソンクラーン ",
    "type": "คำนาม (Noun)",
    "meaning": "วันสงกรานต์",
    "jlpt": "N5"
  },
  {
    "vocab": "お正月",
    "type": "คำนาม (Noun)",
    "meaning": "วันปีใหม่",
    "jlpt": "N5"
  },
  {
    "vocab": "大晦日",
    "type": "คำนาม (Noun)",
    "meaning": "วันสิ้นปี",
    "jlpt": "N5"
  },
  {
    "vocab": "ひな祭り",
    "type": "คำนาม (Noun)",
    "meaning": "วันเทศกาลเด็กผู้หญิง（หรือเทศกาลตุ๊กตา）",
    "jlpt": "N5"
  },
  {
    "vocab": "子どもの日",
    "type": "คำนาม (Noun)",
    "meaning": "วันเด็ก (ผู้ชาย)",
    "jlpt": "N5"
  },
  {
    "vocab": "七夕",
    "type": "คำนาม (Noun)",
    "meaning": "วันทะนะบะตะ",
    "jlpt": "N5"
  },
  {
    "vocab": "母の日",
    "type": "คำนาม (Noun)",
    "meaning": "วันแม่",
    "jlpt": "N5"
  },
  {
    "vocab": "父の日",
    "type": "คำนาม (Noun)",
    "meaning": "วันพ่อ",
    "jlpt": "N5"
  },
  {
    "vocab": "今日",
    "type": "คำนาม (Noun)",
    "meaning": "วันนี้",
    "jlpt": "N5"
  },
  {
    "vocab": "明日",
    "type": "คำนาม (Noun)",
    "meaning": "วันพรุ่งนี้",
    "jlpt": "N5"
  },
  {
    "vocab": "明後日",
    "type": "คำนาม (Noun)",
    "meaning": "วันมะรืนนี้",
    "jlpt": "N5"
  },
  {
    "vocab": "ほしい ",
    "type": "คำคุณศัพท์\n(い-Adjective)",
    "meaning": "อยากได้",
    "jlpt": "N5"
  },
  {
    "vocab": "チョコレート ",
    "type": "คำนาม (Noun)",
    "meaning": "ช็อกโกแลต",
    "jlpt": "N5"
  },
  {
    "vocab": "パソコン ",
    "type": "คำนาม (Noun)",
    "meaning": "คอมพิวเตอร์",
    "jlpt": "N5"
  },
  {
    "vocab": "車",
    "type": "คำนาม (Noun)",
    "meaning": "รถยนต์",
    "jlpt": "N5"
  },
  {
    "vocab": "けいたい電話(でんわ)",
    "type": "คำนาม (Noun)",
    "meaning": "โทรศัพท์มือถือ",
    "jlpt": "N5"
  },
  {
    "vocab": "恋人",
    "type": "คำนาม (Noun)",
    "meaning": "แฟน",
    "jlpt": "N5"
  },
  {
    "vocab": "かばん ",
    "type": "คำนาม (Noun)",
    "meaning": "กระเป๋า",
    "jlpt": "N5"
  },
  {
    "vocab": "人形",
    "type": "คำนาม (Noun)",
    "meaning": "ตุ๊กตา",
    "jlpt": "N5"
  },
  {
    "vocab": "ケーキ ",
    "type": "คำนาม (Noun)",
    "meaning": "ขนมเค้ก",
    "jlpt": "N5"
  },
  {
    "vocab": "ベルト ",
    "type": "คำนาม (Noun)",
    "meaning": "เข็มขัด",
    "jlpt": "N5"
  },
  {
    "vocab": "ネックレス ",
    "type": "คำนาม (Noun)",
    "meaning": "สร้อยคอ",
    "jlpt": "N5"
  },
  {
    "vocab": "ヘッドホン",
    "type": "คำนาม (Noun)",
    "meaning": "หูฟัง",
    "jlpt": "N5"
  },
  {
    "vocab": "うで時計",
    "type": "คำนาม (Noun)",
    "meaning": "นาฬิกาข้อมือ",
    "jlpt": "N5"
  },
  {
    "vocab": "くつ ",
    "type": "คำนาม (Noun)",
    "meaning": "รองเท้า",
    "jlpt": "N5"
  },
  {
    "vocab": "ジーンズ  ",
    "type": "คำนาม (Noun)",
    "meaning": "กางเกงยีนส์",
    "jlpt": "N5"
  },
  {
    "vocab": "さいふ",
    "type": "คำนาม (Noun)",
    "meaning": "กระเป๋าเงิน",
    "jlpt": "N5"
  },
  {
    "vocab": "バイク ",
    "type": "คำนาม (Noun)",
    "meaning": "รถมอเตอร์ไซค์",
    "jlpt": "N5"
  },
  {
    "vocab": "ネクタイ ",
    "type": "คำนาม (Noun)",
    "meaning": "เนคไท",
    "jlpt": "N5"
  },
  {
    "vocab": "めがね ",
    "type": "คำนาม (Noun)",
    "meaning": "แว่นตา",
    "jlpt": "N5"
  },
  {
    "vocab": "カメラ ",
    "type": "คำนาม (Noun)",
    "meaning": "กล้องถ่ายรูป",
    "jlpt": "N5"
  },
  {
    "vocab": "新しい",
    "type": "คำคุณศัพท์\n(い-Adjective)",
    "meaning": "ใหม่",
    "jlpt": "N5"
  },
  {
    "vocab": "バレンタインデー ",
    "type": "คำนาม (Noun)",
    "meaning": "วันวาเลนไทน์",
    "jlpt": "N5"
  },
  {
    "vocab": "バラ",
    "type": "คำนาม (Noun)",
    "meaning": "ดอกกุหลาบ",
    "jlpt": "N5"
  },
  {
    "vocab": "花",
    "type": "คำนาม (Noun)",
    "meaning": "ดอกไม้",
    "jlpt": "N5"
  },
  {
    "vocab": "＿に　 会います",
    "type": "คำกริยา (Verb)",
    "meaning": "พบ/เจอ (กับ)",
    "jlpt": "N5"
  },
  {
    "vocab": "買い物します",
    "type": "คำกริยา (Verb)",
    "meaning": "ซื้อของ",
    "jlpt": "N5"
  },
  {
    "vocab": "食事します",
    "type": "คำกริยา (Verb)",
    "meaning": "รับประทานอาหาร",
    "jlpt": "N5"
  },
  {
    "vocab": "（しゃしん・ビデオ）を とります ",
    "type": "คำกริยา (Verb)",
    "meaning": "ถ่าย (รูป/วิดีโอ)",
    "jlpt": "N5"
  },
  {
    "vocab": "散歩します",
    "type": "คำกริยา (Verb)",
    "meaning": "เดินเล่น",
    "jlpt": "N5"
  },
  {
    "vocab": "＿と　結婚します ",
    "type": "คำกริยา (Verb)",
    "meaning": "แต่งงาน (กับ)",
    "jlpt": "N5"
  },
  {
    "vocab": "＿と　デートします",
    "type": "คำกริยา (Verb)",
    "meaning": "เดท (กับ)",
    "jlpt": "N5"
  },
  {
    "vocab": "趣味",
    "type": "คำนาม (Noun)",
    "meaning": "งานอดิเรก",
    "jlpt": "N5"
  },
  {
    "vocab": "写真",
    "type": "คำนาม (Noun)",
    "meaning": "รูปถ่าย",
    "jlpt": "N5"
  },
  {
    "vocab": "料理",
    "type": "คำนาม (Noun)",
    "meaning": "การทำอาหาร",
    "jlpt": "N5"
  },
  {
    "vocab": "旅行",
    "type": "คำนาม (Noun)",
    "meaning": "การท่องเที่ยว",
    "jlpt": "N5"
  },
  {
    "vocab": "読書",
    "type": "คำนาม (Noun)",
    "meaning": "การอ่านหนังสือ",
    "jlpt": "N5"
  },
  {
    "vocab": "水泳",
    "type": "คำนาม (Noun)",
    "meaning": "การว่ายน้ำ",
    "jlpt": "N5"
  },
  {
    "vocab": "運動",
    "type": "คำนาม (Noun)",
    "meaning": "การออกกำลังกาย",
    "jlpt": "N5"
  },
  {
    "vocab": "買い物",
    "type": "คำนาม (Noun)",
    "meaning": "การซื้อของ (shopping)",
    "jlpt": "N5"
  },
  {
    "vocab": "散歩",
    "type": "คำนาม (Noun)",
    "meaning": "การเดินเล่น",
    "jlpt": "N5"
  },
  {
    "vocab": "ドライブ",
    "type": "คำนาม (Noun)",
    "meaning": "การขับรถเล่น",
    "jlpt": "N5"
  },
  {
    "vocab": "ダンス",
    "type": "คำนาม (Noun)",
    "meaning": "การเต้น",
    "jlpt": "N5"
  },
  {
    "vocab": "インターネット",
    "type": "คำนาม (Noun)",
    "meaning": "อินเตอร์เน็ต",
    "jlpt": "N5"
  },
  {
    "vocab": "スポーツ",
    "type": "คำนาม (Noun)",
    "meaning": "กีฬา",
    "jlpt": "N5"
  },
  {
    "vocab": "覚えます",
    "type": "คำกริยา (Verb)",
    "meaning": "จำ",
    "jlpt": "N5"
  },
  {
    "vocab": "教えます",
    "type": "คำกริยา (Verb)",
    "meaning": "สอน บอก",
    "jlpt": "N5"
  },
  {
    "vocab": "忘れます",
    "type": "คำกริยา (Verb)",
    "meaning": "ลืม",
    "jlpt": "N5"
  },
  {
    "vocab": "（電話）を　かけます",
    "type": "คำกริยา (Verb)",
    "meaning": "โทรศัพท์ (กริยา)",
    "jlpt": "N5"
  },
  {
    "vocab": "集めます",
    "type": "คำกริยา (Verb)",
    "meaning": "สะสม",
    "jlpt": "N5"
  },
  {
    "vocab": "持ちます",
    "type": "คำกริยา (Verb)",
    "meaning": "ถือ",
    "jlpt": "N5"
  },
  {
    "vocab": "遊びます",
    "type": "คำกริยา (Verb)",
    "meaning": "เที่ยวเล่น เล่น",
    "jlpt": "N5"
  },
  {
    "vocab": "読みます",
    "type": "คำกริยา (Verb)",
    "meaning": "อ่าน",
    "jlpt": "N5"
  },
  {
    "vocab": "話します",
    "type": "คำกริยา (Verb)",
    "meaning": "พูดคุย",
    "jlpt": "N5"
  },
  {
    "vocab": "歩きます",
    "type": "คำกริยา (Verb)",
    "meaning": "เดิน",
    "jlpt": "N5"
  },
  {
    "vocab": "（写真/ビデオ）を　とります",
    "type": "คำกริยา (Verb)",
    "meaning": "ถ่าย (รูป/วิดีโอ)",
    "jlpt": "N5"
  },
  {
    "vocab": "泳ぎます",
    "type": "คำกริยา (Verb)",
    "meaning": "ว่ายน้ำ",
    "jlpt": "N5"
  },
  {
    "vocab": "カニ",
    "type": "คำนาม (Noun)",
    "meaning": "ปู",
    "jlpt": "N5"
  },
  {
    "vocab": "（ご）案内します",
    "type": "คำกริยา (Verb)",
    "meaning": "แนะนำสถานที่ (พาชมสถานที่)",
    "jlpt": "N5"
  },
  {
    "vocab": "こちら",
    "type": "คำนาม (Noun)",
    "meaning": "ทางนี้",
    "jlpt": "N5"
  },
  {
    "vocab": "そちら",
    "type": "คำนาม (Noun)",
    "meaning": "ทางนั้น",
    "jlpt": "N5"
  },
  {
    "vocab": "あちら",
    "type": "คำนาม (Noun)",
    "meaning": "ทางโน้น",
    "jlpt": "N5"
  },
  {
    "vocab": "どうぞ",
    "type": "คำวิเศษณ์ (Adverb)",
    "meaning": "เชิญ",
    "jlpt": "N5"
  },
  {
    "vocab": "今から",
    "type": "คำสันธาน (Conjunctions)",
    "meaning": "ต่อจากนี้",
    "jlpt": "N5"
  },
  {
    "vocab": "工場",
    "type": "คำนาม (Noun)",
    "meaning": "โรงงาน",
    "jlpt": "N5"
  },
  {
    "vocab": "お寺",
    "type": "คำนาม (Noun)",
    "meaning": "วัด",
    "jlpt": "N5"
  },
  {
    "vocab": "公園",
    "type": "คำนาม (Noun)",
    "meaning": "สวนสาธารณะ",
    "jlpt": "N5"
  },
  {
    "vocab": "会社",
    "type": "คำนาม (Noun)",
    "meaning": "บริษัท",
    "jlpt": "N5"
  },
  {
    "vocab": "保健室",
    "type": "คำนาม (Noun)",
    "meaning": "ห้องพยาบาล",
    "jlpt": "N5"
  },
  {
    "vocab": "コピー屋",
    "type": "คำนาม (Noun)",
    "meaning": "ร้านถ่ายเอกสาร",
    "jlpt": "N5"
  },
  {
    "vocab": "パン屋",
    "type": "คำนาม (Noun)",
    "meaning": "ร้านขายขนมปัง",
    "jlpt": "N5"
  },
  {
    "vocab": "薬屋",
    "type": "คำนาม (Noun)",
    "meaning": "ร้านขายยา",
    "jlpt": "N5"
  },
  {
    "vocab": "本屋",
    "type": "คำนาม (Noun)",
    "meaning": "ร้านขายหนังสือ",
    "jlpt": "N5"
  },
  {
    "vocab": "服屋",
    "type": "คำนาม (Noun)",
    "meaning": "ร้านขายเสื้อผ้า",
    "jlpt": "N5"
  },
  {
    "vocab": "くつ屋",
    "type": "คำนาม (Noun)",
    "meaning": "ร้านขายรองเท้า",
    "jlpt": "N5"
  },
  {
    "vocab": "＿に",
    "type": "คำช่วย (Postpositional particle)",
    "meaning": "(สถานที่)に",
    "jlpt": "N5"
  },
  {
    "vocab": "あります",
    "type": "คำกริยา (Verb)",
    "meaning": "มี อยู่",
    "jlpt": "N5"
  },
  {
    "vocab": "映画館",
    "type": "คำนาม (Noun)",
    "meaning": "โรงภาพยนตร์",
    "jlpt": "N5"
  },
  {
    "vocab": "病院",
    "type": "คำนาม (Noun)",
    "meaning": "โรงพยาบาล",
    "jlpt": "N5"
  },
  {
    "vocab": "銀行",
    "type": "คำนาม (Noun)",
    "meaning": "ธนาคาร",
    "jlpt": "N5"
  },
  {
    "vocab": "食堂",
    "type": "คำนาม (Noun)",
    "meaning": "โรงอาหาร",
    "jlpt": "N5"
  },
  {
    "vocab": "大学",
    "type": "คำนาม (Noun)",
    "meaning": "มหาวิทยาลัย",
    "jlpt": "N5"
  },
  {
    "vocab": "空港",
    "type": "คำนาม (Noun)",
    "meaning": "สนามบิน",
    "jlpt": "N5"
  },
  {
    "vocab": "町",
    "type": "คำนาม (Noun)",
    "meaning": "เมือง",
    "jlpt": "N5"
  },
  {
    "vocab": "川",
    "type": "คำนาม (Noun)",
    "meaning": "แม่น้ำ",
    "jlpt": "N5"
  },
  {
    "vocab": "山",
    "type": "คำนาม (Noun)",
    "meaning": "ภูเขา",
    "jlpt": "N5"
  },
  {
    "vocab": "上",
    "type": "คำนาม (Noun)",
    "meaning": "บน",
    "jlpt": "N5"
  },
  {
    "vocab": "下",
    "type": "คำนาม (Noun)",
    "meaning": "ล่าง",
    "jlpt": "N5"
  },
  {
    "vocab": "前",
    "type": "คำนาม (Noun)",
    "meaning": "ข้างหน้า",
    "jlpt": "N5"
  },
  {
    "vocab": "後ろ",
    "type": "คำนาม (Noun)",
    "meaning": "ข้างหลัง",
    "jlpt": "N5"
  },
  {
    "vocab": "中",
    "type": "คำนาม (Noun)",
    "meaning": "ข้างใน",
    "jlpt": "N5"
  },
  {
    "vocab": "外",
    "type": "คำนาม (Noun)",
    "meaning": "ข้างนอก",
    "jlpt": "N5"
  },
  {
    "vocab": "間",
    "type": "คำนาม (Noun)",
    "meaning": "ระหว่าง",
    "jlpt": "N5"
  },
  {
    "vocab": "となり",
    "type": "คำนาม (Noun)",
    "meaning": "ข้าง ๆ",
    "jlpt": "N5"
  },
  {
    "vocab": "近く",
    "type": "คำนาม (Noun)",
    "meaning": "ใกล้ ๆ",
    "jlpt": "N5"
  },
  {
    "vocab": "＿階",
    "type": "คำนาม (Noun)",
    "meaning": "ชั้น__",
    "jlpt": "N5"
  },
  {
    "vocab": "車",
    "type": "คำนาม (Noun)",
    "meaning": "รถยนต์",
    "jlpt": "N5"
  },
  {
    "vocab": "木",
    "type": "คำนาม (Noun)",
    "meaning": "ต้นไม้",
    "jlpt": "N5"
  },
  {
    "vocab": "この＿",
    "type": "คำนาม (Noun)",
    "meaning": "_นี้",
    "jlpt": "N5"
  },
  {
    "vocab": "その＿",
    "type": "คำนาม (Noun)",
    "meaning": "_นั้น",
    "jlpt": "N5"
  },
  {
    "vocab": "あの＿",
    "type": "คำนาม (Noun)",
    "meaning": "_โน้น",
    "jlpt": "N5"
  },
  {
    "vocab": "います",
    "type": "คำกริยา (Verb)",
    "meaning": "มี อยู่",
    "jlpt": "N5"
  },
  {
    "vocab": "一人",
    "type": "คำนาม (Noun)",
    "meaning": "1 คน",
    "jlpt": "N5"
  },
  {
    "vocab": "二人",
    "type": "คำนาม (Noun)",
    "meaning": "2 คน",
    "jlpt": "N5"
  },
  {
    "vocab": "三人",
    "type": "คำนาม (Noun)",
    "meaning": "3 คน",
    "jlpt": "N5"
  },
  {
    "vocab": "四人",
    "type": "คำนาม (Noun)",
    "meaning": "4 คน",
    "jlpt": "N5"
  },
  {
    "vocab": "五人",
    "type": "คำนาม (Noun)",
    "meaning": "5 คน",
    "jlpt": "N5"
  },
  {
    "vocab": "人",
    "type": "คำนาม (Noun)",
    "meaning": "_คน",
    "jlpt": "N5"
  },
  {
    "vocab": "何人",
    "type": "คำแสดงคำถาม (Question word)",
    "meaning": "กี่คน",
    "jlpt": "N5"
  },
  {
    "vocab": "グループ",
    "type": "คำนาม (Noun)",
    "meaning": "กลุ่ม",
    "jlpt": "N5"
  },
  {
    "vocab": "歌手",
    "type": "คำนาม (Noun)",
    "meaning": "นักร้อง",
    "jlpt": "N5"
  },
  {
    "vocab": "韓国",
    "type": "คำนาม (Noun)",
    "meaning": "เกาหลี",
    "jlpt": "N5"
  },
  {
    "vocab": "家族",
    "type": "คำนาม (Noun)",
    "meaning": "ครอบครัว",
    "jlpt": "N5"
  },
  {
    "vocab": "クラスメイト",
    "type": "คำนาม (Noun)",
    "meaning": "เพื่อนในชั้นเรียน",
    "jlpt": "N5"
  },
  {
    "vocab": "かっこいい",
    "type": "คำคุณศัพท์\n(い-Adjective)",
    "meaning": "เท่ห์ ดูดี",
    "jlpt": "N5"
  },
  {
    "vocab": "かわいい",
    "type": "คำคุณศัพท์\n(い-Adjective)",
    "meaning": "น่ารัก",
    "jlpt": "N5"
  },
  {
    "vocab": "とても",
    "type": "คำวิเศษณ์ (Adverb)",
    "meaning": "มาก",
    "jlpt": "N5"
  },
  {
    "vocab": "そして",
    "type": "คำสันธาน (Conjunctions)",
    "meaning": "แล้วก็",
    "jlpt": "N5"
  },
  {
    "vocab": "ダンス",
    "type": "คำนาม (Noun)",
    "meaning": "การเต้น",
    "jlpt": "N5"
  },
  {
    "vocab": "祖父",
    "type": "คำนาม (Noun)",
    "meaning": "ปู่, ตา",
    "jlpt": "N5"
  },
  {
    "vocab": "祖母",
    "type": "คำนาม (Noun)",
    "meaning": "ย่า,ยาย",
    "jlpt": "N5"
  },
  {
    "vocab": "父",
    "type": "คำนาม (Noun)",
    "meaning": "พ่อ",
    "jlpt": "N5"
  },
  {
    "vocab": "母",
    "type": "คำนาม (Noun)",
    "meaning": "แม่",
    "jlpt": "N5"
  },
  {
    "vocab": "兄",
    "type": "คำนาม (Noun)",
    "meaning": "พี่ชาย",
    "jlpt": "N5"
  },
  {
    "vocab": "姉",
    "type": "คำนาม (Noun)",
    "meaning": "พี่สาว",
    "jlpt": "N5"
  },
  {
    "vocab": "弟",
    "type": "คำนาม (Noun)",
    "meaning": "น้องชาย",
    "jlpt": "N5"
  },
  {
    "vocab": "妹",
    "type": "คำนาม (Noun)",
    "meaning": "น้องสาว",
    "jlpt": "N5"
  },
  {
    "vocab": "叔父",
    "type": "คำนาม (Noun)",
    "meaning": "ลุง, น้า อา (ผู้ชาย)",
    "jlpt": "N5"
  },
  {
    "vocab": "叔母",
    "type": "คำนาม (Noun)",
    "meaning": "ป้า, น้า อา (ผู้หญิง)",
    "jlpt": "N5"
  },
  {
    "vocab": "おじいさん",
    "type": "คำนาม (Noun)",
    "meaning": "คุณปู่, คุณตา",
    "jlpt": "N5"
  },
  {
    "vocab": "おばあさん",
    "type": "คำนาม (Noun)",
    "meaning": "คุณย่า, คุณยาย",
    "jlpt": "N5"
  },
  {
    "vocab": "お父さん",
    "type": "คำนาม (Noun)",
    "meaning": "คุณพ่อ",
    "jlpt": "N5"
  },
  {
    "vocab": "お母さん",
    "type": "คำนาม (Noun)",
    "meaning": "คุณแม่",
    "jlpt": "N5"
  },
  {
    "vocab": "お兄さん",
    "type": "คำนาม (Noun)",
    "meaning": "พี่ชาย",
    "jlpt": "N5"
  },
  {
    "vocab": "お姉さん",
    "type": "คำนาม (Noun)",
    "meaning": "พี่สาว",
    "jlpt": "N5"
  },
  {
    "vocab": "弟さん",
    "type": "คำนาม (Noun)",
    "meaning": "น้องชาย",
    "jlpt": "N5"
  },
  {
    "vocab": "妹さん",
    "type": "คำนาม (Noun)",
    "meaning": "น้องสาว",
    "jlpt": "N5"
  },
  {
    "vocab": "おじさん",
    "type": "คำนาม (Noun)",
    "meaning": "คุณลุง, คุณน้า คุณอา (ผู้ชาย)",
    "jlpt": "N5"
  },
  {
    "vocab": "おばさん",
    "type": "คำนาม (Noun)",
    "meaning": "คุณป้า, คุณน้า คุณอา (ผู้หญิง)",
    "jlpt": "N5"
  },
  {
    "vocab": "英語",
    "type": "คำนาม (Noun)",
    "meaning": "ภาษาอังกฤษ",
    "jlpt": "N5"
  },
  {
    "vocab": "中国語",
    "type": "คำนาม (Noun)",
    "meaning": "ภาษาจีน",
    "jlpt": "N5"
  },
  {
    "vocab": "分かる",
    "type": "คำกริยา (Verb)",
    "meaning": "รู้ เข้าใจ",
    "jlpt": "N5"
  },
  {
    "vocab": "できる",
    "type": "คำกริยา (Verb)",
    "meaning": "ทำได้",
    "jlpt": "N5"
  },
  {
    "vocab": "上手",
    "type": "คำคุณศัพท์\n(な-Adjective)",
    "meaning": "เก่ง",
    "jlpt": "N5"
  },
  {
    "vocab": "長い",
    "type": "คำคุณศัพท์\n(い-Adjective)",
    "meaning": "ยาว",
    "jlpt": "N5"
  },
  {
    "vocab": "短い",
    "type": "คำคุณศัพท์\n(い-Adjective)",
    "meaning": "สั้น",
    "jlpt": "N5"
  },
  {
    "vocab": "多い",
    "type": "คำคุณศัพท์\n(い-Adjective)",
    "meaning": "(จำนวน)มาก",
    "jlpt": "N5"
  },
  {
    "vocab": "少ない",
    "type": "คำคุณศัพท์\n(い-Adjective)",
    "meaning": "(จำนวน)น้อย",
    "jlpt": "N5"
  },
  {
    "vocab": "高い",
    "type": "คำคุณศัพท์\n(い-Adjective)",
    "meaning": "สูง",
    "jlpt": "N5"
  },
  {
    "vocab": "低い",
    "type": "คำคุณศัพท์\n(い-Adjective)",
    "meaning": "เตี้ย",
    "jlpt": "N5"
  },
  {
    "vocab": "背",
    "type": "คำนาม (Noun)",
    "meaning": "ความสูงของร่างกาย",
    "jlpt": "N5"
  },
  {
    "vocab": "髪",
    "type": "คำนาม (Noun)",
    "meaning": "ผม",
    "jlpt": "N5"
  },
  {
    "vocab": "人",
    "type": "คำนาม (Noun)",
    "meaning": "คน",
    "jlpt": "N5"
  },
  {
    "vocab": "俳優",
    "type": "คำนาม (Noun)",
    "meaning": "ดารา",
    "jlpt": "N5"
  },
  {
    "vocab": "演技",
    "type": "คำนาม (Noun)",
    "meaning": "การแสดง",
    "jlpt": "N5"
  },
  {
    "vocab": "歌",
    "type": "คำนาม (Noun)",
    "meaning": "เพลง",
    "jlpt": "N5"
  },
  {
    "vocab": "一歳",
    "type": "คำนาม (Noun)",
    "meaning": "(อายุ) 1 ปี",
    "jlpt": "N5"
  },
  {
    "vocab": "二歳",
    "type": "คำนาม (Noun)",
    "meaning": "(อายุ) 2 ปี",
    "jlpt": "N5"
  },
  {
    "vocab": "三歳",
    "type": "คำนาม (Noun)",
    "meaning": "(อายุ) 3 ปี",
    "jlpt": "N5"
  },
  {
    "vocab": "四歳",
    "type": "คำนาม (Noun)",
    "meaning": "(อายุ) 4 ปี",
    "jlpt": "N5"
  },
  {
    "vocab": "五歳",
    "type": "คำนาม (Noun)",
    "meaning": "(อายุ) 5 ปี",
    "jlpt": "N5"
  },
  {
    "vocab": "六歳",
    "type": "คำนาม (Noun)",
    "meaning": "(อายุ) 6 ปี",
    "jlpt": "N5"
  },
  {
    "vocab": "七歳",
    "type": "คำนาม (Noun)",
    "meaning": "(อายุ) 7 ปี",
    "jlpt": "N5"
  },
  {
    "vocab": "八歳",
    "type": "คำนาม (Noun)",
    "meaning": "(อายุ) 8 ปี",
    "jlpt": "N5"
  },
  {
    "vocab": "九歳",
    "type": "คำนาม (Noun)",
    "meaning": "(อายุ) 9 ปี",
    "jlpt": "N5"
  },
  {
    "vocab": "十歳",
    "type": "คำนาม (Noun)",
    "meaning": "(อายุ) 10 ปี",
    "jlpt": "N5"
  },
  {
    "vocab": "二十歳",
    "type": "คำนาม (Noun)",
    "meaning": "(อายุ) 20 ปี (พูดได้สองแบบ)",
    "jlpt": "N5"
  },
  {
    "vocab": "歳",
    "type": "คำนาม (Noun)",
    "meaning": "(อายุ) __ปี",
    "jlpt": "N5"
  },
  {
    "vocab": "何歳",
    "type": "คำแสดงคำถาม (Question word)",
    "meaning": "อายุเท่าไหร่",
    "jlpt": "N5"
  },
  {
    "vocab": "去年",
    "type": "คำนาม (Noun)",
    "meaning": "ปีที่แล้ว",
    "jlpt": "N5"
  },
  {
    "vocab": "今年",
    "type": "คำนาม (Noun)",
    "meaning": "ปีนี้",
    "jlpt": "N5"
  },
  {
    "vocab": "来年",
    "type": "คำนาม (Noun)",
    "meaning": "ปีหน้า",
    "jlpt": "N5"
  },
  {
    "vocab": "いつも",
    "type": "คำวิเศษณ์ (Adverb)",
    "meaning": "เสมอ เป็นประจำ",
    "jlpt": "N5"
  },
  {
    "vocab": "よく",
    "type": "คำวิเศษณ์ (Adverb)",
    "meaning": "บ่อยๆ",
    "jlpt": "N5"
  },
  {
    "vocab": "時々",
    "type": "คำวิเศษณ์ (Adverb)",
    "meaning": "บางครั้ง",
    "jlpt": "N5"
  },
  {
    "vocab": "毎朝",
    "type": "คำนาม (Noun)",
    "meaning": "ทุกเช้า",
    "jlpt": "N5"
  },
  {
    "vocab": "毎ばん",
    "type": "คำนาม (Noun)",
    "meaning": "ทุกคืน",
    "jlpt": "N5"
  },
  {
    "vocab": "毎日",
    "type": "คำนาม (Noun)",
    "meaning": "ทุกวัน",
    "jlpt": "N5"
  },
  {
    "vocab": "毎週",
    "type": "คำนาม (Noun)",
    "meaning": "ทุกสัปดาห์",
    "jlpt": "N5"
  },
  {
    "vocab": "毎月",
    "type": "คำนาม (Noun)",
    "meaning": "ทุกเดือน",
    "jlpt": "N5"
  },
  {
    "vocab": "毎年",
    "type": "คำนาม (Noun)",
    "meaning": "ทุกปี",
    "jlpt": "N5"
  },
  {
    "vocab": "日本",
    "type": "คำนาม (Noun)",
    "meaning": "ประเทศญี่ปุ่น",
    "jlpt": "N5"
  },
  {
    "vocab": "大阪",
    "type": "คำนาม (Noun)",
    "meaning": "โอซาก้า",
    "jlpt": "N5"
  },
  {
    "vocab": "北海道",
    "type": "คำนาม (Noun)",
    "meaning": "ฮอกไกโด",
    "jlpt": "N5"
  },
  {
    "vocab": "韓国",
    "type": "คำนาม (Noun)",
    "meaning": "ประเทศเกาหลี",
    "jlpt": "N5"
  },
  {
    "vocab": "中国",
    "type": "คำนาม (Noun)",
    "meaning": "ประเทศจีน",
    "jlpt": "N5"
  },
  {
    "vocab": "アメリカ",
    "type": "คำนาม (Noun)",
    "meaning": "ประเทศอเมริกา",
    "jlpt": "N5"
  },
  {
    "vocab": "イギリス",
    "type": "คำนาม (Noun)",
    "meaning": "ประเทศอังกฤษ",
    "jlpt": "N5"
  },
  {
    "vocab": "オーストラリア",
    "type": "คำนาม (Noun)",
    "meaning": "ประเทศออสเตรเลีย",
    "jlpt": "N5"
  },
  {
    "vocab": "インド",
    "type": "คำนาม (Noun)",
    "meaning": "ประเทศอินเดีย",
    "jlpt": "N5"
  },
  {
    "vocab": "相撲",
    "type": "คำนาม (Noun)",
    "meaning": "กีฬาซูโม่",
    "jlpt": "N5"
  },
  {
    "vocab": "船",
    "type": "คำนาม (Noun)",
    "meaning": "เรือ",
    "jlpt": "N5"
  },
  {
    "vocab": "コンサート",
    "type": "คำนาม (Noun)",
    "meaning": "คอนเสิร์ต",
    "jlpt": "N5"
  },
  {
    "vocab": "中国語",
    "type": "คำนาม (Noun)",
    "meaning": "ภาษาจีน",
    "jlpt": "N5"
  },
  {
    "vocab": "韓国語",
    "type": "คำนาม (Noun)",
    "meaning": "ภาษาเกาหลี",
    "jlpt": "N5"
  },
  {
    "vocab": "去年",
    "type": "คำนาม (Noun)",
    "meaning": "ปีที่แล้ว",
    "jlpt": "N5"
  },
  {
    "vocab": "今年",
    "type": "คำนาม (Noun)",
    "meaning": "ปีนี้",
    "jlpt": "N5"
  },
  {
    "vocab": "来年",
    "type": "คำนาม (Noun)",
    "meaning": "ปีหน้า",
    "jlpt": "N5"
  },
  {
    "vocab": "先月",
    "type": "คำนาม (Noun)",
    "meaning": "เดือนที่แล้ว",
    "jlpt": "N5"
  },
  {
    "vocab": "今月",
    "type": "คำนาม (Noun)",
    "meaning": "เดือนนี้",
    "jlpt": "N5"
  },
  {
    "vocab": "来月",
    "type": "คำนาม (Noun)",
    "meaning": "เดือนหน้า",
    "jlpt": "N5"
  },
  {
    "vocab": "よく",
    "type": "คำวิเศษณ์ (Adverb)",
    "meaning": "บ่อยๆ",
    "jlpt": "N5"
  },
  {
    "vocab": "時々",
    "type": "คำวิเศษณ์ (Adverb)",
    "meaning": "บางครั้ง",
    "jlpt": "N5"
  },
  {
    "vocab": "あまり",
    "type": "คำวิเศษณ์ (Adverb)",
    "meaning": "ไม่ค่อยจะ",
    "jlpt": "N5"
  },
  {
    "vocab": "全然",
    "type": "คำวิเศษณ์ (Adverb)",
    "meaning": "ไม่เลย",
    "jlpt": "N5"
  },
  {
    "vocab": "チェンマイ",
    "type": "คำนาม (Noun)",
    "meaning": "เชียงใหม่",
    "jlpt": "N5"
  },
  {
    "vocab": "外国",
    "type": "คำนาม (Noun)",
    "meaning": "ต่างประเทศ",
    "jlpt": "N5"
  },
  {
    "vocab": "仕事",
    "type": "คำนาม (Noun)",
    "meaning": "การทำงาน",
    "jlpt": "N5"
  },
  {
    "vocab": "大晦日",
    "type": "คำนาม (Noun)",
    "meaning": "วันสิ้นปี",
    "jlpt": "N5"
  },
  {
    "vocab": "お正月",
    "type": "คำนาม (Noun)",
    "meaning": "วันปีใหม่",
    "jlpt": "N5"
  },
  {
    "vocab": "花火",
    "type": "คำนาม (Noun)",
    "meaning": "ดอกไม้ไฟ",
    "jlpt": "N5"
  },
  {
    "vocab": "セントラルワールド",
    "type": "คำนาม (Noun)",
    "meaning": "เซ็นทรัลเวิลด์",
    "jlpt": "N5"
  },
  {
    "vocab": "コンサート",
    "type": "คำนาม (Noun)",
    "meaning": "คอนเสิร์ต",
    "jlpt": "N5"
  },
  {
    "vocab": "カウントダウン",
    "type": "คำนาม (Noun)",
    "meaning": "เคาท์ดาวน์",
    "jlpt": "N5"
  },
  {
    "vocab": "お参りします",
    "type": "คำกริยา (Verb)",
    "meaning": "ไปไหว้พระ",
    "jlpt": "N5"
  },
  {
    "vocab": "パーティー",
    "type": "คำนาม (Noun)",
    "meaning": "ปาร์ตี้",
    "jlpt": "N5"
  },
  {
    "vocab": "冷たい",
    "type": "คำคุณศัพท์\n(い-Adjective)",
    "meaning": "(ของ)เย็น",
    "jlpt": "N5"
  },
  {
    "vocab": "熱い",
    "type": "คำคุณศัพท์\n(い-Adjective)",
    "meaning": "(ของ)ร้อน",
    "jlpt": "N5"
  },
  {
    "vocab": "涼しい",
    "type": "คำคุณศัพท์\n(い-Adjective)",
    "meaning": "(อากาศ)เย็น",
    "jlpt": "N5"
  },
  {
    "vocab": "暖かい",
    "type": "คำคุณศัพท์\n(い-Adjective)",
    "meaning": "(อากาศ)อบอุ่น",
    "jlpt": "N5"
  },
  {
    "vocab": "厳しい",
    "type": "คำคุณศัพท์\n(い-Adjective)",
    "meaning": "เข้มงวด",
    "jlpt": "N5"
  },
  {
    "vocab": "寂しい",
    "type": "คำคุณศัพท์\n(い-Adjective)",
    "meaning": "เหงา",
    "jlpt": "N5"
  },
  {
    "vocab": "つまらない",
    "type": "คำคุณศัพท์\n(い-Adjective)",
    "meaning": "น่าเบื่อ",
    "jlpt": "N5"
  },
  {
    "vocab": "嬉しい",
    "type": "คำคุณศัพท์\n(い-Adjective)",
    "meaning": "ดีใจ",
    "jlpt": "N5"
  },
  {
    "vocab": "悲しい",
    "type": "คำคุณศัพท์\n(い-Adjective)",
    "meaning": "เศร้า เสียใจ",
    "jlpt": "N5"
  },
  {
    "vocab": "素晴らしい",
    "type": "คำคุณศัพท์\n(い-Adjective)",
    "meaning": "ยอดเยี่ยม",
    "jlpt": "N5"
  },
  {
    "vocab": "大変",
    "type": "คำคุณศัพท์\n(な-Adjective)",
    "meaning": "ลำบาก เหนื่อยยาก",
    "jlpt": "N5"
  },
  {
    "vocab": "天気",
    "type": "คำนาม (Noun)",
    "meaning": "สภาพอากาศ",
    "jlpt": "N5"
  },
  {
    "vocab": "雪",
    "type": "คำนาม (Noun)",
    "meaning": "หิมะ",
    "jlpt": "N5"
  },
  {
    "vocab": "雨",
    "type": "คำนาม (Noun)",
    "meaning": "ฝน",
    "jlpt": "N5"
  },
  {
    "vocab": "晴",
    "type": "คำนาม (Noun)",
    "meaning": "แจ่มใส",
    "jlpt": "N5"
  },
  {
    "vocab": "曇り",
    "type": "คำนาม (Noun)",
    "meaning": "มืดครึ้ม",
    "jlpt": "N5"
  },
  {
    "vocab": "風",
    "type": "คำนาม (Noun)",
    "meaning": "ลม",
    "jlpt": "N5"
  },
  {
    "vocab": "強い",
    "type": "คำคุณศัพท์\n(い-Adjective)",
    "meaning": "แรง",
    "jlpt": "N5"
  },
  {
    "vocab": "弱い",
    "type": "คำคุณศัพท์\n(い-Adjective)",
    "meaning": "อ่อนแอ, (ลม)เบา",
    "jlpt": "N5"
  },
  {
    "vocab": "季節",
    "type": "คำนาม (Noun)",
    "meaning": "ฤดูกาล",
    "jlpt": "N5"
  },
  {
    "vocab": "春",
    "type": "คำนาม (Noun)",
    "meaning": "ฤดูใบไม้ผลิ",
    "jlpt": "N5"
  },
  {
    "vocab": "夏",
    "type": "คำนาม (Noun)",
    "meaning": "ฤดูร้อน",
    "jlpt": "N5"
  },
  {
    "vocab": "秋",
    "type": "คำนาม (Noun)",
    "meaning": "ฤดูใบไม้ร่วง",
    "jlpt": "N5"
  },
  {
    "vocab": "冬",
    "type": "คำนาม (Noun)",
    "meaning": "ฤดูหนาว",
    "jlpt": "N5"
  },
  {
    "vocab": "沖縄",
    "type": "คำนาม (Noun)",
    "meaning": "โอกินาวะ",
    "jlpt": "N5"
  },
  {
    "vocab": "北海道",
    "type": "คำนาม (Noun)",
    "meaning": "ฮอกไกโด",
    "jlpt": "N5"
  },
  {
    "vocab": "福岡",
    "type": "คำนาม (Noun)",
    "meaning": "ฟุคุโอกะ",
    "jlpt": "N5"
  },
  {
    "vocab": "京都",
    "type": "คำนาม (Noun)",
    "meaning": "เกียวโต",
    "jlpt": "N5"
  },
  {
    "vocab": "東京",
    "type": "คำนาม (Noun)",
    "meaning": "โตเกียว",
    "jlpt": "N5"
  },
  {
    "vocab": "小学校",
    "type": "คำนาม (Noun)",
    "meaning": "ประถม",
    "jlpt": "N5"
  },
  {
    "vocab": "中学校",
    "type": "คำนาม (Noun)",
    "meaning": "มัธยมต้น",
    "jlpt": "N5"
  },
  {
    "vocab": "高校",
    "type": "คำนาม (Noun)",
    "meaning": "มัธยมปลาย",
    "jlpt": "N5"
  },
  {
    "vocab": "クイズ",
    "type": "คำนาม (Noun)",
    "meaning": "สอบย่อย (Quiz)",
    "jlpt": "N5"
  },
  {
    "vocab": "おくれます",
    "type": "คำกริยา (Verb)",
    "meaning": "มาสาย,(ส่งการบ้าน)สาย",
    "jlpt": "N5"
  },
  {
    "vocab": "ちこくします",
    "type": "คำกริยา (Verb)",
    "meaning": "มาสาย",
    "jlpt": "N5"
  },
  {
    "vocab": "忘れます",
    "type": "คำกริยา (Verb)",
    "meaning": "ลืม",
    "jlpt": "N5"
  },
  {
    "vocab": "見ます",
    "type": "คำกริยา (Verb)",
    "meaning": "ดู",
    "jlpt": "N5"
  },
  {
    "vocab": "見せます",
    "type": "คำกริยา (Verb)",
    "meaning": "ให้ดู",
    "jlpt": "N5"
  },
  {
    "vocab": "（いすに）座ります",
    "type": "คำกริยา (Verb)",
    "meaning": "นั่ง(เก้าอี้)",
    "jlpt": "N5"
  },
  {
    "vocab": "立ちます",
    "type": "คำกริยา (Verb)",
    "meaning": "ยืน",
    "jlpt": "N5"
  },
  {
    "vocab": "さわります",
    "type": "คำกริยา (Verb)",
    "meaning": "จับ แตะ",
    "jlpt": "N5"
  },
  {
    "vocab": "使います",
    "type": "คำกริยา (Verb)",
    "meaning": "ใช้",
    "jlpt": "N5"
  },
  {
    "vocab": "しゅくだい",
    "type": "คำนาม (Noun)",
    "meaning": "การบ้าน",
    "jlpt": "N5"
  },
  {
    "vocab": "じゅぎょう",
    "type": "คำนาม (Noun)",
    "meaning": "คาบเรียน",
    "jlpt": "N5"
  },
  {
    "vocab": "言葉",
    "type": "คำนาม (Noun)",
    "meaning": "คำศัพท์",
    "jlpt": "N5"
  },
  {
    "vocab": "漢字",
    "type": "คำนาม (Noun)",
    "meaning": "คันจิ",
    "jlpt": "N5"
  },
  {
    "vocab": "机",
    "type": "คำนาม (Noun)",
    "meaning": "โต๊ะ",
    "jlpt": "N5"
  },
  {
    "vocab": "いす",
    "type": "คำนาม (Noun)",
    "meaning": "เก้าอี้",
    "jlpt": "N5"
  },
  {
    "vocab": "まど",
    "type": "คำนาม (Noun)",
    "meaning": "หน้าต่าง",
    "jlpt": "N5"
  },
  {
    "vocab": "ドア",
    "type": "คำนาม (Noun)",
    "meaning": "ประตู",
    "jlpt": "N5"
  },
  {
    "vocab": "電気",
    "type": "คำนาม (Noun)",
    "meaning": "ไฟ",
    "jlpt": "N5"
  },
  {
    "vocab": "エアコン",
    "type": "คำนาม (Noun)",
    "meaning": "เครื่องปรับอากาศ",
    "jlpt": "N5"
  },
  {
    "vocab": "せんぷうき",
    "type": "คำนาม (Noun)",
    "meaning": "พัดลม",
    "jlpt": "N5"
  },
  {
    "vocab": "練習します",
    "type": "คำกริยา (Verb)",
    "meaning": "ฝึกฝน",
    "jlpt": "N5"
  },
  {
    "vocab": "取ります",
    "type": "คำกริยา (Verb)",
    "meaning": "หยิบ",
    "jlpt": "N5"
  },
  {
    "vocab": "出します",
    "type": "คำกริยา (Verb)",
    "meaning": "ส่ง",
    "jlpt": "N5"
  },
  {
    "vocab": "言います",
    "type": "คำกริยา (Verb)",
    "meaning": "พูด",
    "jlpt": "N5"
  },
  {
    "vocab": "考えます",
    "type": "คำกริยา (Verb)",
    "meaning": "คิด",
    "jlpt": "N5"
  },
  {
    "vocab": "調べます",
    "type": "คำกริยา (Verb)",
    "meaning": "ค้นหา ตรวจสอบ(ข้อมูล)",
    "jlpt": "N5"
  },
  {
    "vocab": "探します",
    "type": "คำกริยา (Verb)",
    "meaning": "หา(คน ของ)",
    "jlpt": "N5"
  },
  {
    "vocab": "つけます",
    "type": "คำกริยา (Verb)",
    "meaning": "เปิด(ไฟ)",
    "jlpt": "N5"
  },
  {
    "vocab": "消します",
    "type": "คำกริยา (Verb)",
    "meaning": "ปิด(ไฟ)",
    "jlpt": "N5"
  },
  {
    "vocab": "開けます",
    "type": "คำกริยา (Verb)",
    "meaning": "เปิด(ประตู)",
    "jlpt": "N5"
  },
  {
    "vocab": "閉めます",
    "type": "คำกริยา (Verb)",
    "meaning": "ปิด(ประตู)",
    "jlpt": "N5"
  },
  {
    "vocab": "置きます",
    "type": "คำกริยา (Verb)",
    "meaning": "วาง",
    "jlpt": "N5"
  },
  {
    "vocab": "病気",
    "type": "คำนาม (Noun)",
    "meaning": "การป่วย ไม่สบาย",
    "jlpt": "N5"
  },
  {
    "vocab": "頭",
    "type": "คำนาม (Noun)",
    "meaning": "ศีรษะ",
    "jlpt": "N5"
  },
  {
    "vocab": "顔",
    "type": "คำนาม (Noun)",
    "meaning": "ใบหน้า",
    "jlpt": "N5"
  },
  {
    "vocab": "目",
    "type": "คำนาม (Noun)",
    "meaning": "ตา",
    "jlpt": "N5"
  },
  {
    "vocab": "耳",
    "type": "คำนาม (Noun)",
    "meaning": "หู",
    "jlpt": "N5"
  },
  {
    "vocab": "鼻",
    "type": "คำนาม (Noun)",
    "meaning": "จมูก",
    "jlpt": "N5"
  },
  {
    "vocab": "首",
    "type": "คำนาม (Noun)",
    "meaning": "คอ(ด้านนอก)",
    "jlpt": "N5"
  },
  {
    "vocab": "のど",
    "type": "คำนาม (Noun)",
    "meaning": "คอ(ด้านใน)",
    "jlpt": "N5"
  },
  {
    "vocab": "体",
    "type": "คำนาม (Noun)",
    "meaning": "ร่างกาย",
    "jlpt": "N5"
  },
  {
    "vocab": "手",
    "type": "คำนาม (Noun)",
    "meaning": "มือ",
    "jlpt": "N5"
  },
  {
    "vocab": "お腹",
    "type": "คำนาม (Noun)",
    "meaning": "ท้อง",
    "jlpt": "N5"
  },
  {
    "vocab": "足",
    "type": "คำนาม (Noun)",
    "meaning": "ขา เท้า",
    "jlpt": "N5"
  },
  {
    "vocab": "口",
    "type": "คำนาม (Noun)",
    "meaning": "ปาก",
    "jlpt": "N5"
  },
  {
    "vocab": "歯",
    "type": "คำนาม (Noun)",
    "meaning": "ฟัน",
    "jlpt": "N5"
  },
  {
    "vocab": "痛い",
    "type": "คำคุณศัพท์\n(い-Adjective)",
    "meaning": "เจ็บ ปวด",
    "jlpt": "N5"
  },
  {
    "vocab": "かゆい",
    "type": "คำคุณศัพท์\n(い-Adjective)",
    "meaning": "คัน",
    "jlpt": "N5"
  },
  {
    "vocab": "気分が悪い",
    "type": "คำคุณศัพท์\n(い-Adjective)",
    "meaning": "รู้สึกไม่สบาย",
    "jlpt": "N5"
  },
  {
    "vocab": "熱があります",
    "type": "คำกริยา (Verb)",
    "meaning": "มีไข้",
    "jlpt": "N5"
  },
  {
    "vocab": "せきがでます",
    "type": "คำกริยา (Verb)",
    "meaning": "ไอ",
    "jlpt": "N5"
  },
  {
    "vocab": "保健室",
    "type": "คำนาม (Noun)",
    "meaning": "ห้องพยาบาล",
    "jlpt": "N5"
  },
  {
    "vocab": "トイレ",
    "type": "คำนาม (Noun)",
    "meaning": "ห้องน้ำ",
    "jlpt": "N5"
  },
  {
    "vocab": "辞書",
    "type": "คำนาม (Noun)",
    "meaning": "พจนานุกรม",
    "jlpt": "N5"
  },
  {
    "vocab": "携帯電話",
    "type": "คำนาม (Noun)",
    "meaning": "โทรศัพท์มือถือ",
    "jlpt": "N5"
  },
  {
    "vocab": "（でんわを）かけます",
    "type": "คำกริยา (Verb)",
    "meaning": "โทรศัพท์ (กริยา)",
    "jlpt": "N5"
  },
  {
    "vocab": "休みます",
    "type": "คำกริยา (Verb)",
    "meaning": "หยุด",
    "jlpt": "N5"
  },
  {
    "vocab": "借ります",
    "type": "คำกริยา (Verb)",
    "meaning": "ยืม",
    "jlpt": "N5"
  },
  {
    "vocab": "（に）入ります",
    "type": "คำกริยา (Verb)",
    "meaning": "เข้า(ห้อง)",
    "jlpt": "N5"
  },
  {
    "vocab": "（を）出ます",
    "type": "คำกริยา (Verb)",
    "meaning": "ออกจาก(ห้อง)",
    "jlpt": "N5"
  },
  {
    "vocab": "聞きます",
    "type": "คำกริยา (Verb)",
    "meaning": "ถาม",
    "jlpt": "N5"
  }
]