[
    {
        "vocab": "お知らせ",
        "type": "คำนาม (Noun)",
        "meaning": "เรื่องแจ้ง, การแจ้งให้ทราบ",
        "jlpt": "N5"
    },
    {
        "vocab": "メール",
        "type": "คำนาม (Noun)",
        "meaning": "อีเมล",
        "jlpt": "N5"
    },
    {
        "vocab": "いろいろ",
        "type": "คำคุณศัพท์\n(な-Adjective)",
        "meaning": "หลาย ๆ อย่าง, ต่าง ๆ นานา",
        "jlpt": "N5"
    },
    {
        "vocab": "やくそく",
        "type": "คำนาม (Noun)",
        "meaning": "นัดหมาย, สัญญา",
        "jlpt": "N5"
    },
    {
        "vocab": "グーグルクラスルーム",
        "type": "คำนาม (Noun)",
        "meaning": "Google Classroom",
        "jlpt": "N5"
    },
    {
        "vocab": "タスク",
        "type": "คำนาม (Noun)",
        "meaning": "งานที่ได้รับมอบหมาย (Task)",
        "jlpt": "N5"
    },
    {
        "vocab": "プロジェクト",
        "type": "คำนาม (Noun)",
        "meaning": "โปรเจกต์",
        "jlpt": "N5"
    },
    {
        "vocab": "試験",
        "type": "คำนาม (Noun)",
        "meaning": "การสอบ",
        "jlpt": "N5"
    },
    {
        "vocab": "説明",
        "type": "คำนาม (Noun)",
        "meaning": "การอธิบาย, คำอธิบาย",
        "jlpt": "N5"
    },
    {
        "vocab": "相談（します）",
        "type": "คำนาม (Noun)",
        "meaning": "การปรึกษา",
        "jlpt": "N5"
    },
    {
        "vocab": "理由",
        "type": "คำนาม (Noun)",
        "meaning": "เหตุผล",
        "jlpt": "N5"
    },
    {
        "vocab": "変更（します）",
        "type": "คำนาม (Noun)",
        "meaning": "การเปลี่ยนแปลง",
        "jlpt": "N5"
    },
    {
        "vocab": "中間試験",
        "type": "คำนาม (Noun)",
        "meaning": "สอบกลางภาค",
        "jlpt": "N5"
    },
    {
        "vocab": "学生証",
        "type": "คำนาม (Noun)",
        "meaning": "บัตรนักศึกษา, บัตรนักเรียน",
        "jlpt": "N5"
    },
    {
        "vocab": "つくえ",
        "type": "คำนาม (Noun)",
        "meaning": "โต๊ะ",
        "jlpt": "N5"
    },
    {
        "vocab": "けいたいでんわ",
        "type": "คำนาม (Noun)",
        "meaning": "โทรศัพท์มือถือ",
        "jlpt": "N5"
    },
    {
        "vocab": "電源",
        "type": "คำนาม (Noun)",
        "meaning": "สวิตช์, แบตเตอรี่",
        "jlpt": "N5"
    },
    {
        "vocab": "けします",
        "type": "คำกริยา (Verb)",
        "meaning": "ปิดไฟ (เครื่องใช้ไฟฟ้า) ",
        "jlpt": "N5"
    },
    {
        "vocab": "入れます",
        "type": "คำกริยา (Verb)",
        "meaning": "ใส่ (เข้าไป)",
        "jlpt": "N5"
    },
    {
        "vocab": "友だち",
        "type": "คำนาม (Noun)",
        "meaning": "เพื่อน",
        "jlpt": "N5"
    },
    {
        "vocab": "レッスン",
        "type": "คำนาม (Noun)",
        "meaning": "บทเรียน",
        "jlpt": "N5"
    },
    {
        "vocab": "英語",
        "type": "คำนาม (Noun)",
        "meaning": "ภาษาอังกฤษ",
        "jlpt": "N5"
    },
    {
        "vocab": "いつ",
        "type": "คำนาม (Noun)",
        "meaning": "เมื่อไหร่",
        "jlpt": "N5"
    },
    {
        "vocab": "置きます",
        "type": "คำกริยา (Verb)",
        "meaning": "วาง",
        "jlpt": "N5"
    },
    {
        "vocab": "制服",
        "type": "คำนาม (Noun)",
        "meaning": "เครื่องแบบ",
        "jlpt": "N5"
    },
    {
        "vocab": "着ます",
        "type": "คำกริยา (Verb)",
        "meaning": "สวมใส่ (ท่อนบน)",
        "jlpt": "N5"
    },
    {
        "vocab": "病気",
        "type": "คำนาม (Noun)",
        "meaning": "ความเจ็บป่วย, ไม่สบาย",
        "jlpt": "N5"
    },
    {
        "vocab": "人",
        "type": "คำนาม (Noun)",
        "meaning": "คน",
        "jlpt": "N5"
    },
    {
        "vocab": "連絡します",
        "type": "คำกริยา (Verb)",
        "meaning": "ติดต่อ",
        "jlpt": "N5"
    },
    {
        "vocab": "日",
        "type": "คำนาม (Noun)",
        "meaning": "วัน",
        "jlpt": "N5"
    },
    {
        "vocab": "ドキュメント",
        "type": "คำนาม (Noun)",
        "meaning": "เอกสาร",
        "jlpt": "N5"
    },
    {
        "vocab": "アップロード",
        "type": "คำนาม (Noun)",
        "meaning": "อัปโหลด",
        "jlpt": "N5"
    },
    {
        "vocab": "学生番号",
        "type": "คำนาม (Noun)",
        "meaning": "รหัสนักศึกษา",
        "jlpt": "N5"
    },
    {
        "vocab": "コピーします",
        "type": "คำกริยา (Verb)",
        "meaning": "ถ่ายเอกสาร",
        "jlpt": "N5"
    },
    {
        "vocab": "一緒に",
        "type": "คำวิเศษณ์ (Adverb)",
        "meaning": "ด้วยกัน",
        "jlpt": "N5"
    },
    {
        "vocab": "考えます",
        "type": "คำกริยา (Verb)",
        "meaning": "คิด",
        "jlpt": "N5"
    },
    {
        "vocab": "撮ります",
        "type": "คำกริยา (Verb)",
        "meaning": "ถ่าย (รูป, วีดีโอ)",
        "jlpt": "N5"
    },
    {
        "vocab": "エメラルド寺院",
        "type": "คำนาม (Noun)",
        "meaning": "วัดพระแก้ว",
        "jlpt": "N5"
    },
    {
        "vocab": "止めます",
        "type": "คำกริยา (Verb)",
        "meaning": "จอด (รถ)",
        "jlpt": "N5"
    },
    {
        "vocab": "道",
        "type": "คำนาม (Noun)",
        "meaning": "ถนน, ทาง",
        "jlpt": "N5"
    },
    {
        "vocab": "渡ります",
        "type": "คำกริยา (Verb)",
        "meaning": "ข้าม (ถนน, สะพาน)",
        "jlpt": "N5"
    },
    {
        "vocab": "バイク",
        "type": "คำนาม (Noun)",
        "meaning": "จักรยานยนต์",
        "jlpt": "N5"
    },
    {
        "vocab": "走ります",
        "type": "คำกริยา (Verb)",
        "meaning": "วิ่ง",
        "jlpt": "N5"
    },
    {
        "vocab": "ステップ",
        "type": "คำนาม (Noun)",
        "meaning": "ขั้นตอน",
        "jlpt": "N5"
    },
    {
        "vocab": "メンバー",
        "type": "คำนาม (Noun)",
        "meaning": "สมาชิก",
        "jlpt": "N5"
    },
    {
        "vocab": "きめます",
        "type": "คำกริยา (Verb)",
        "meaning": "ตัดสินใจ, กำหนด",
        "jlpt": "N5"
    },
    {
        "vocab": "送ります",
        "type": "คำกริยา (Verb)",
        "meaning": "ส่ง",
        "jlpt": "N5"
    },
    {
        "vocab": "文",
        "type": "คำนาม (Noun)",
        "meaning": "ประโยค",
        "jlpt": "N5"
    },
    {
        "vocab": "紹介（します）",
        "type": "คำนาม (Noun)",
        "meaning": "การแนะนำ",
        "jlpt": "N5"
    },
    {
        "vocab": "ビデオ",
        "type": "คำนาม (Noun)",
        "meaning": "วีดีโอ",
        "jlpt": "N5"
    },
    {
        "vocab": "撮ります",
        "type": "คำกริยา (Verb)",
        "meaning": "ถ่าย (รูป, วีดีโอ)",
        "jlpt": "N5"
    },
    {
        "vocab": "編集します",
        "type": "คำกริยา (Verb)",
        "meaning": "ตัดต่อ (คลิปวิดีโอ ไฟล์เสียง)",
        "jlpt": "N5"
    },
    {
        "vocab": "かんそう",
        "type": "คำนาม (Noun)",
        "meaning": "ความประทับใจ (ต่อสิ่งที่ได้ดู ได้อ่าน)",
        "jlpt": "N5"
    },
    {
        "vocab": "飲み物",
        "type": "คำนาม (Noun)",
        "meaning": "เครื่องดื่ม",
        "jlpt": "N5"
    },
    {
        "vocab": "インタビュー試験",
        "type": "คำนาม (Noun)",
        "meaning": "การสอบสัมภาษณ์",
        "jlpt": "N5"
    },
    {
        "vocab": "待ちます",
        "type": "คำกริยา (Verb)",
        "meaning": "รอ, คอย",
        "jlpt": "N5"
    },
    {
        "vocab": "中",
        "type": "คำนาม (Noun)",
        "meaning": "ด้านใน, ข้างใน",
        "jlpt": "N5"
    },
    {
        "vocab": "外",
        "type": "คำนาม (Noun)",
        "meaning": "ด้านนอก, ข้างนอก",
        "jlpt": "N5"
    },
    {
        "vocab": "たくさん",
        "type": "คำวิเศษณ์ (Adverb)",
        "meaning": "(ปริมาณ) มาก",
        "jlpt": "N5"
    },
    {
        "vocab": "質問します",
        "type": "คำกริยา (Verb)",
        "meaning": "ถาม",
        "jlpt": "N5"
    },
    {
        "vocab": "頭",
        "type": "คำนาม (Noun)",
        "meaning": "ศีรษะ",
        "jlpt": "N5"
    },
    {
        "vocab": "のど",
        "type": "คำนาม (Noun)",
        "meaning": "คอ",
        "jlpt": "N5"
    },
    {
        "vocab": "痛い",
        "type": "คำคุณศัพท์\n(い-Adjective)",
        "meaning": "เจ็บ ปวด",
        "jlpt": "N5"
    },
    {
        "vocab": "授業",
        "type": "คำนาม (Noun)",
        "meaning": "คาบเรียน",
        "jlpt": "N5"
    },
    {
        "vocab": "無理",
        "type": "คำคุณศัพท์\n(な-Adjective)",
        "meaning": "เป็นไปไม่ได้, ไม่ไหว",
        "jlpt": "N5"
    },
    {
        "vocab": "風邪",
        "type": "คำนาม (Noun)",
        "meaning": "ไข้หวัด",
        "jlpt": "N5"
    },
    {
        "vocab": "今",
        "type": "คำนาม (Noun)",
        "meaning": "ตอนนี้",
        "jlpt": "N5"
    },
    {
        "vocab": "学科",
        "type": "คำนาม (Noun)",
        "meaning": "สาขาวิชา, ภาควิชา",
        "jlpt": "N5"
    },
    {
        "vocab": "活動",
        "type": "คำนาม (Noun)",
        "meaning": "กิจกรรม",
        "jlpt": "N5"
    },
    {
        "vocab": "入院します",
        "type": "คำกริยา (Verb)",
        "meaning": "เข้ารักษาตัวในโรงพยาบาล",
        "jlpt": "N5"
    },
    {
        "vocab": "留学生",
        "type": "คำนาม (Noun)",
        "meaning": "นักศึกษาต่างชาติ",
        "jlpt": "N5"
    },
    {
        "vocab": "家族",
        "type": "คำนาม (Noun)",
        "meaning": "ครอบครัว",
        "jlpt": "N5"
    },
    {
        "vocab": "実家",
        "type": "คำนาม (Noun)",
        "meaning": "บ้านเกิด",
        "jlpt": "N5"
    },
    {
        "vocab": "お腹",
        "type": "คำนาม (Noun)",
        "meaning": "ท้อง",
        "jlpt": "N5"
    },
    {
        "vocab": "大丈夫",
        "type": "คำคุณศัพท์\n(な-Adjective)",
        "meaning": "ไม่เป็นไร",
        "jlpt": "N5"
    },
    {
        "vocab": "お大事に",
        "type": "วลี (Phrase)",
        "meaning": "ขอให้หายไว ๆ",
        "jlpt": "N5"
    },
    {
        "vocab": "チェック（します）",
        "type": "คำนาม (Noun)",
        "meaning": "การเช็ค การตรวจสอบ",
        "jlpt": "N5"
    },
    {
        "vocab": "薬",
        "type": "คำนาม (Noun)",
        "meaning": "ยา",
        "jlpt": "N5"
    },
    {
        "vocab": "会議室",
        "type": "คำนาม (Noun)",
        "meaning": "ห้องประชุม",
        "jlpt": "N5"
    },
    {
        "vocab": "他",
        "type": "คำนาม (Noun)",
        "meaning": "อื่น",
        "jlpt": "N5"
    },
    {
        "vocab": "切ります",
        "type": "คำกริยา (Verb)",
        "meaning": "ปิด (สวิตซ์)",
        "jlpt": "N5"
    },
    {
        "vocab": "聞こえます",
        "type": "คำกริยา (Verb)",
        "meaning": "ได้ยิน",
        "jlpt": "N5"
    },
    {
        "vocab": "声",
        "type": "คำนาม (Noun)",
        "meaning": "เสียง (คน, สัตว์)",
        "jlpt": "N5"
    },
    {
        "vocab": "外",
        "type": "คำนาม (Noun)",
        "meaning": "ข้างนอก",
        "jlpt": "N5"
    },
    {
        "vocab": "犬",
        "type": "คำนาม (Noun)",
        "meaning": "สุนัข",
        "jlpt": "N5"
    },
    {
        "vocab": "インターネット",
        "type": "คำนาม (Noun)",
        "meaning": "อินเทอร์เน็ต",
        "jlpt": "N5"
    },
    {
        "vocab": "おそい",
        "type": "คำคุณศัพท์\n(い-Adjective)",
        "meaning": "ช้า",
        "jlpt": "N5"
    },
    {
        "vocab": "音",
        "type": "คำนาม (Noun)",
        "meaning": "เสียง (วัตถุ, ธรรมชาติ)",
        "jlpt": "N5"
    },
    {
        "vocab": "みなさん",
        "type": "คำนาม (Noun)",
        "meaning": "ทุกคน ทุกท่าน",
        "jlpt": "N5"
    },
    {
        "vocab": "見えます",
        "type": "คำกริยา (Verb)",
        "meaning": "มองเห็น",
        "jlpt": "N5"
    },
    {
        "vocab": "学生番号",
        "type": "คำนาม (Noun)",
        "meaning": "เลขประจำตัวนักศึกษา",
        "jlpt": "N5"
    },
    {
        "vocab": "チャットボックス",
        "type": "คำนาม (Noun)",
        "meaning": "Chat box",
        "jlpt": "N5"
    },
    {
        "vocab": "入力します",
        "type": "คำกริยา (Verb)",
        "meaning": "พิมพ์ กรอกลงในช่อง",
        "jlpt": "N5"
    },
    {
        "vocab": "カタカナ",
        "type": "คำนาม (Noun)",
        "meaning": "คาตาคานะ",
        "jlpt": "N5"
    },
    {
        "vocab": "けいたいでんわ",
        "type": "คำนาม (Noun)",
        "meaning": "โทรศัพท์มือถือ",
        "jlpt": "N5"
    },
    {
        "vocab": "厚い",
        "type": "คำคุณศัพท์\n(い-Adjective)",
        "meaning": "หนา",
        "jlpt": "N5"
    },
    {
        "vocab": "はさみ",
        "type": "คำนาม (Noun)",
        "meaning": "กรรไกร",
        "jlpt": "N5"
    },
    {
        "vocab": "切ります",
        "type": "คำกริยา (Verb)",
        "meaning": "ตัด ฟัน ",
        "jlpt": "N5"
    },
    {
        "vocab": "使います",
        "type": "คำกริยา (Verb)",
        "meaning": "ใช้",
        "jlpt": "N5"
    },
    {
        "vocab": "スプーン",
        "type": "คำนาม (Noun)",
        "meaning": "ช้อน",
        "jlpt": "N5"
    },
    {
        "vocab": "フォーク",
        "type": "คำนาม (Noun)",
        "meaning": "ส้อม",
        "jlpt": "N5"
    },
    {
        "vocab": "はし",
        "type": "คำนาม (Noun)",
        "meaning": "ตะเกียบ",
        "jlpt": "N5"
    },
    {
        "vocab": "wifi",
        "type": "คำนาม (Noun)",
        "meaning": "WiFi",
        "jlpt": "N5"
    },
    {
        "vocab": "お酒",
        "type": "คำนาม (Noun)",
        "meaning": "เหล้า",
        "jlpt": "N5"
    },
    {
        "vocab": "＿歳",
        "type": "คำนาม (Noun)",
        "meaning": "อายุ _ ปี",
        "jlpt": "N5"
    },
    {
        "vocab": "参加します",
        "type": "คำกริยา (Verb)",
        "meaning": "เข้าร่วม",
        "jlpt": "N5"
    },
    {
        "vocab": "散歩します",
        "type": "คำกริยา (Verb)",
        "meaning": "เดินเล่น",
        "jlpt": "N5"
    },
    {
        "vocab": "借ります",
        "type": "คำกริยา (Verb)",
        "meaning": "ขอยืม",
        "jlpt": "N5"
    },
    {
        "vocab": "試験",
        "type": "คำนาม (Noun)",
        "meaning": "การสอบ",
        "jlpt": "N5"
    },
    {
        "vocab": "受けます",
        "type": "คำกริยา (Verb)",
        "meaning": "รับ, เข้ารับการสอบ",
        "jlpt": "N5"
    },
    {
        "vocab": "市場",
        "type": "คำนาม (Noun)",
        "meaning": "ตลาด",
        "jlpt": "N5"
    },
    {
        "vocab": "あやまります",
        "type": "คำกริยา (Verb)",
        "meaning": "ขอโทษ",
        "jlpt": "N5"
    },
    {
        "vocab": "どうして",
        "type": "คำวิเศษณ์ (Adverb)",
        "meaning": "ทำไม",
        "jlpt": "N5"
    },
    {
        "vocab": "次",
        "type": "คำนาม (Noun)",
        "meaning": "ต่อไป",
        "jlpt": "N5"
    },
    {
        "vocab": "忘れます",
        "type": "คำกริยา (Verb)",
        "meaning": "ลืม",
        "jlpt": "N5"
    },
    {
        "vocab": "約束",
        "type": "คำนาม (Noun)",
        "meaning": "นัดหมาย, สัญญา",
        "jlpt": "N5"
    },
    {
        "vocab": "遅れます",
        "type": "คำกริยา (Verb)",
        "meaning": "มาสาย มาช้า",
        "jlpt": "N5"
    },
    {
        "vocab": "うれしい",
        "type": "คำคุณศัพท์\n(い-Adjective)",
        "meaning": "ดีใจ",
        "jlpt": "N5"
    },
    {
        "vocab": "さびしい",
        "type": "คำคุณศัพท์\n(い-Adjective)",
        "meaning": "เหงา",
        "jlpt": "N5"
    },
    {
        "vocab": "びっくりします",
        "type": "คำกริยา (Verb)",
        "meaning": "ตกใจ",
        "jlpt": "N5"
    },
    {
        "vocab": "合格します",
        "type": "คำกริยา (Verb)",
        "meaning": "สอบผ่าน",
        "jlpt": "N5"
    },
    {
        "vocab": "部屋",
        "type": "คำนาม (Noun)",
        "meaning": "ห้อง",
        "jlpt": "N5"
    },
    {
        "vocab": "ゴキブリ",
        "type": "คำนาม (Noun)",
        "meaning": "แมลงสาบ",
        "jlpt": "N5"
    },
    {
        "vocab": "います",
        "type": "คำกริยา (Verb)",
        "meaning": "มีอยู่ (ใช้กับสิ่งมีชีวิต)",
        "jlpt": "N5"
    },
    {
        "vocab": "恋人",
        "type": "คำนาม (Noun)",
        "meaning": "แฟน คนรัก",
        "jlpt": "N5"
    },
    {
        "vocab": "ファイル",
        "type": "คำนาม (Noun)",
        "meaning": "ไฟล์",
        "jlpt": "N5"
    },
    {
        "vocab": "間違えます",
        "type": "คำกริยา (Verb)",
        "meaning": "ผิดพลาด",
        "jlpt": "N5"
    },
    {
        "vocab": "コピーします",
        "type": "คำกริยา (Verb)",
        "meaning": "ลอก",
        "jlpt": "N5"
    },
    {
        "vocab": "コップ",
        "type": "คำนาม (Noun)",
        "meaning": "แก้วน้ำ",
        "jlpt": "N5"
    },
    {
        "vocab": "割ります",
        "type": "คำกริยา (Verb)",
        "meaning": "ทำแตก",
        "jlpt": "N5"
    },
    {
        "vocab": "大切",
        "type": "คำคุณศัพท์\n(な-Adjective)",
        "meaning": "สำคัญ",
        "jlpt": "N5"
    },
    {
        "vocab": "なくします",
        "type": "คำกริยา (Verb)",
        "meaning": "ทำหาย",
        "jlpt": "N5"
    },
    {
        "vocab": "パソコン",
        "type": "คำนาม (Noun)",
        "meaning": "คอมพิวเตอร์",
        "jlpt": "N5"
    },
    {
        "vocab": "こわします",
        "type": "คำกริยา (Verb)",
        "meaning": "ทำพัง ทำเสีย",
        "jlpt": "N5"
    },
    {
        "vocab": "スクリプト",
        "type": "คำนาม (Noun)",
        "meaning": "สคริปต์",
        "jlpt": "N5"
    },
    {
        "vocab": "持って来ます",
        "type": "คำกริยา (Verb)",
        "meaning": "ถือมา เอามา",
        "jlpt": "N5"
    },
    {
        "vocab": "連絡します",
        "type": "คำกริยา (Verb)",
        "meaning": "ติดต่อ",
        "jlpt": "N5"
    },
    {
        "vocab": "チャット",
        "type": "คำนาม (Noun)",
        "meaning": "แชท",
        "jlpt": "N5"
    },
    {
        "vocab": "返事します",
        "type": "คำกริยา (Verb)",
        "meaning": "ตอบ (อีเมล แชท)",
        "jlpt": "N5"
    },
    {
        "vocab": "前回",
        "type": "คำนาม (Noun)",
        "meaning": "ครั้งที่แล้ว",
        "jlpt": "N5"
    },
    {
        "vocab": "授業",
        "type": "คำนาม (Noun)",
        "meaning": "ชั่วโมงเรียน คาบเรียน",
        "jlpt": "N5"
    },
    {
        "vocab": "休みます",
        "type": "คำกริยา (Verb)",
        "meaning": "หยุด พัก",
        "jlpt": "N5"
    },
    {
        "vocab": "病気",
        "type": "คำนาม (Noun)",
        "meaning": "ความเจ็บป่วย, ไม่สบาย",
        "jlpt": "N5"
    },
    {
        "vocab": "気をつけます",
        "type": "วลี (Phrase)",
        "meaning": "ระมัดระวัง",
        "jlpt": "N5"
    },
    {
        "vocab": "寝坊します",
        "type": "คำกริยา (Verb)",
        "meaning": "ตื่นสาย",
        "jlpt": "N5"
    },
    {
        "vocab": "じゅうたい",
        "type": "คำนาม (Noun)",
        "meaning": "รถติด",
        "jlpt": "N5"
    },
    {
        "vocab": "大変",
        "type": "คำคุณศัพท์\n(な-Adjective)",
        "meaning": "ลำบาก เดือดร้อน",
        "jlpt": "N5"
    },
    {
        "vocab": "雨",
        "type": "คำนาม (Noun)",
        "meaning": "ฝน",
        "jlpt": "N5"
    },
    {
        "vocab": "こわれます",
        "type": "คำกริยา (Verb)",
        "meaning": "เสีย พัง",
        "jlpt": "N5"
    },
    {
        "vocab": "セミナー",
        "type": "คำนาม (Noun)",
        "meaning": "สัมมนา",
        "jlpt": "N5"
    },
    {
        "vocab": "参加します",
        "type": "คำกริยา (Verb)",
        "meaning": "เข้าร่วม",
        "jlpt": "N5"
    },
    {
        "vocab": "用事",
        "type": "คำนาม (Noun)",
        "meaning": "ธุระ",
        "jlpt": "N5"
    },
    {
        "vocab": "留学します",
        "type": "คำกริยา (Verb)",
        "meaning": "ศึกษาต่อต่างประเทศ",
        "jlpt": "N5"
    },
    {
        "vocab": "アニメ",
        "type": "คำนาม (Noun)",
        "meaning": "อนิเม (ภาพยนตร์การ์ตูน)",
        "jlpt": "N5"
    },
    {
        "vocab": "熱",
        "type": "คำนาม (Noun)",
        "meaning": "ไข้",
        "jlpt": "N5"
    },
    {
        "vocab": "カラオケ",
        "type": "คำนาม (Noun)",
        "meaning": "คาราโอเกะ",
        "jlpt": "N5"
    },
    {
        "vocab": "アルバイト",
        "type": "คำนาม (Noun)",
        "meaning": "งานพิเศษ",
        "jlpt": "N5"
    },
    {
        "vocab": "先輩",
        "type": "คำนาม (Noun)",
        "meaning": "รุ่นพี่",
        "jlpt": "N5"
    },
    {
        "vocab": "後輩",
        "type": "คำนาม (Noun)",
        "meaning": "รุ่นน้อง",
        "jlpt": "N5"
    },
    {
        "vocab": "パーティー",
        "type": "คำนาม (Noun)",
        "meaning": "ปาร์ตี้",
        "jlpt": "N5"
    },
    {
        "vocab": "ゴロゴロします",
        "type": "คำกริยา (Verb)",
        "meaning": "นอนเล่น",
        "jlpt": "N5"
    },
    {
        "vocab": "実家",
        "type": "คำนาม (Noun)",
        "meaning": "บ้านเกิด",
        "jlpt": "N5"
    },
    {
        "vocab": "夏休み",
        "type": "คำนาม (Noun)",
        "meaning": "ปิดเทอมฤดูร้อน",
        "jlpt": "N5"
    },
    {
        "vocab": "市場",
        "type": "คำนาม (Noun)",
        "meaning": "ตลาด",
        "jlpt": "N5"
    },
    {
        "vocab": "運動します",
        "type": "คำกริยา (Verb)",
        "meaning": "ออกกำลังกาย",
        "jlpt": "N5"
    },
    {
        "vocab": "学科",
        "type": "คำนาม (Noun)",
        "meaning": "สาขาวิชา",
        "jlpt": "N5"
    },
    {
        "vocab": "活動",
        "type": "คำนาม (Noun)",
        "meaning": "กิจกรรม",
        "jlpt": "N5"
    },
    {
        "vocab": "ツイッター",
        "type": "คำนาม (Noun)",
        "meaning": "Twitter",
        "jlpt": "N5"
    },
    {
        "vocab": "朝",
        "type": "คำนาม (Noun)",
        "meaning": "เช้า",
        "jlpt": "N5"
    },
    {
        "vocab": "大晦日",
        "type": "คำนาม (Noun)",
        "meaning": "วันสิ้นปี",
        "jlpt": "N5"
    },
    {
        "vocab": "歌",
        "type": "คำนาม (Noun)",
        "meaning": "เพลง",
        "jlpt": "N5"
    },
    {
        "vocab": "歌います",
        "type": "คำกริยา (Verb)",
        "meaning": "ร้องเพลง",
        "jlpt": "N5"
    },
    {
        "vocab": "朝ご飯",
        "type": "คำนาม (Noun)",
        "meaning": "อาหารเช้า",
        "jlpt": "N5"
    },
    {
        "vocab": "浴びます",
        "type": "คำกริยา (Verb)",
        "meaning": "อาบน้ำ",
        "jlpt": "N5"
    },
    {
        "vocab": "週末",
        "type": "คำนาม (Noun)",
        "meaning": "สุดสัปดาห์",
        "jlpt": "N5"
    },
    {
        "vocab": "買い物（します）",
        "type": "คำนาม (Noun)",
        "meaning": "การซื้อของ",
        "jlpt": "N5"
    },
    {
        "vocab": "ボーリング",
        "type": "คำนาม (Noun)",
        "meaning": "โบว์ลิ่ง",
        "jlpt": "N5"
    },
    {
        "vocab": "イタリア",
        "type": "คำนาม (Noun)",
        "meaning": "อิตาลี",
        "jlpt": "N5"
    },
    {
        "vocab": "川",
        "type": "คำนาม (Noun)",
        "meaning": "แม่น้ำ",
        "jlpt": "N5"
    },
    {
        "vocab": "近く",
        "type": "คำนาม (Noun)",
        "meaning": "ใกล้",
        "jlpt": "N5"
    },
    {
        "vocab": "昼ご飯",
        "type": "คำนาม (Noun)",
        "meaning": "อาหารกลางวัน",
        "jlpt": "N5"
    },
    {
        "vocab": "新聞",
        "type": "คำนาม (Noun)",
        "meaning": "หนังสือพิมพ์",
        "jlpt": "N5"
    },
    {
        "vocab": "カフェ",
        "type": "คำนาม (Noun)",
        "meaning": "คาเฟ่",
        "jlpt": "N5"
    },
    {
        "vocab": "泳ぎます",
        "type": "คำกริยา (Verb)",
        "meaning": "ว่ายน้ำ",
        "jlpt": "N5"
    },
    {
        "vocab": "ごめんなさい",
        "type": "วลี (Phrase)",
        "meaning": "ขอโทษ (เป็นทางการน้อยกว่า すみません)",
        "jlpt": "N5"
    },
    {
        "vocab": "つたえます",
        "type": "คำกริยา (Verb)",
        "meaning": "ถ่ายทอด, บอกต่อ",
        "jlpt": "N5"
    },
    {
        "vocab": "母",
        "type": "คำนาม (Noun)",
        "meaning": "แม่ (ของตนเอง)",
        "jlpt": "N5"
    },
    {
        "vocab": "交通事故",
        "type": "คำนาม (Noun)",
        "meaning": "อุบัติเหตุจราจร",
        "jlpt": "N5"
    },
    {
        "vocab": "入院します",
        "type": "คำกริยา (Verb)",
        "meaning": "เข้าโรงพยาบาล",
        "jlpt": "N5"
    },
    {
        "vocab": "大丈夫",
        "type": "คำคุณศัพท์\n(な-Adjective)",
        "meaning": "ไม่เป็นไร",
        "jlpt": "N5"
    },
    {
        "vocab": "言います",
        "type": "คำกริยา (Verb)",
        "meaning": "พูด",
        "jlpt": "N5"
    },
    {
        "vocab": "夕べ",
        "type": "คำนาม (Noun)",
        "meaning": "ตอนเย็น (เมื่อคืน)",
        "jlpt": "N5"
    },
    {
        "vocab": "さびしい",
        "type": "คำคุณศัพท์\n(い-Adjective)",
        "meaning": "เหงา",
        "jlpt": "N5"
    },
    {
        "vocab": "恋人",
        "type": "คำนาม (Noun)",
        "meaning": "แฟน คนรัก",
        "jlpt": "N5"
    },
    {
        "vocab": "試験",
        "type": "คำนาม (Noun)",
        "meaning": "การสอบ",
        "jlpt": "N5"
    },
    {
        "vocab": "合格します",
        "type": "คำกริยา (Verb)",
        "meaning": "สอบผ่าน",
        "jlpt": "N5"
    },
    {
        "vocab": "事故",
        "type": "คำนาม (Noun)",
        "meaning": "อุบัติเหตุ",
        "jlpt": "N5"
    },
    {
        "vocab": "病気",
        "type": "คำนาม (Noun)",
        "meaning": "เจ็บป่วย โรค",
        "jlpt": "N5"
    },
    {
        "vocab": "ねぼうします",
        "type": "คำกริยา (Verb)",
        "meaning": "ตื่นสาย",
        "jlpt": "N5"
    },
    {
        "vocab": "バナナボート",
        "type": "คำนาม (Noun)",
        "meaning": "บานาน่าโบ๊ท",
        "jlpt": "N5"
    },
    {
        "vocab": "たくさん",
        "type": "คำวิเศษณ์ (Adverb)",
        "meaning": "มาก เยอะ",
        "jlpt": "N5"
    },
    {
        "vocab": "びっくりします",
        "type": "คำกริยา (Verb)",
        "meaning": "ตกใจ",
        "jlpt": "N5"
    },
    {
        "vocab": "ぼく",
        "type": "คำนาม (Noun)",
        "meaning": "ผม",
        "jlpt": "N5"
    },
    {
        "vocab": "YouTube",
        "type": "คำนาม (Noun)",
        "meaning": "YouTube",
        "jlpt": "N5"
    },
    {
        "vocab": "ゴロゴロします",
        "type": "คำกริยา (Verb)",
        "meaning": "นอนเล่น",
        "jlpt": "N5"
    },
    {
        "vocab": "インスタ",
        "type": "คำนาม (Noun)",
        "meaning": "Instagram",
        "jlpt": "N5"
    },
    {
        "vocab": "プーケット",
        "type": "คำนาม (Noun)",
        "meaning": "ภูเก็ต",
        "jlpt": "N5"
    },
    {
        "vocab": "パタヤ",
        "type": "คำนาม (Noun)",
        "meaning": "พัทยา",
        "jlpt": "N5"
    },
    {
        "vocab": "おじいさん",
        "type": "คำนาม (Noun)",
        "meaning": "คุณปู่ (ของผู้อื่น)",
        "jlpt": "N5"
    },
    {
        "vocab": "ジョギング",
        "type": "คำนาม (Noun)",
        "meaning": "จ็อกกิ้ง",
        "jlpt": "N5"
    },
    {
        "vocab": "天気予報",
        "type": "คำนาม (Noun)",
        "meaning": "พยากรณ์อากาศ",
        "jlpt": "N5"
    },
    {
        "vocab": "チェンマイ",
        "type": "คำนาม (Noun)",
        "meaning": "เชียงใหม่",
        "jlpt": "N5"
    },
    {
        "vocab": "新聞",
        "type": "คำนาม (Noun)",
        "meaning": "หนังสือพิมพ์",
        "jlpt": "N5"
    },
    {
        "vocab": "地震",
        "type": "คำนาม (Noun)",
        "meaning": "แผ่นดินไหว",
        "jlpt": "N5"
    },
    {
        "vocab": "インターネット",
        "type": "คำนาม (Noun)",
        "meaning": "อินเตอร์เน็ต",
        "jlpt": "N5"
    },
    {
        "vocab": "ニュース",
        "type": "คำนาม (Noun)",
        "meaning": "ข่าว",
        "jlpt": "N5"
    },
    {
        "vocab": "面白い",
        "type": "คำคุณศัพท์\n(い-Adjective)",
        "meaning": "สนุก น่าสนใจ",
        "jlpt": "N5"
    },
    {
        "vocab": "記事",
        "type": "คำนาม (Noun)",
        "meaning": "ข่าว บทความ",
        "jlpt": "N5"
    },
    {
        "vocab": "雨季",
        "type": "คำนาม (Noun)",
        "meaning": "ฤดูฝน",
        "jlpt": "N5"
    },
    {
        "vocab": "洪水",
        "type": "คำนาม (Noun)",
        "meaning": "น้ำท่วม",
        "jlpt": "N5"
    },
    {
        "vocab": "雪",
        "type": "คำนาม (Noun)",
        "meaning": "หิมะ",
        "jlpt": "N5"
    },
    {
        "vocab": "降ります",
        "type": "คำกริยา (Verb)",
        "meaning": "(ฝน, หิมะ) ตก",
        "jlpt": "N5"
    },
    {
        "vocab": "結婚します",
        "type": "คำกริยา (Verb)",
        "meaning": "แต่งงาน",
        "jlpt": "N5"
    },
    {
        "vocab": "ラジオ",
        "type": "คำนาม (Noun)",
        "meaning": "วิทยุ",
        "jlpt": "N5"
    },
    {
        "vocab": "Twitter",
        "type": "คำนาม (Noun)",
        "meaning": "Twitter",
        "jlpt": "N5"
    },
    {
        "vocab": "火事",
        "type": "คำนาม (Noun)",
        "meaning": "ไฟไหม้",
        "jlpt": "N5"
    },
    {
        "vocab": "JLPT",
        "type": "คำนาม (Noun)",
        "meaning": "การสอบวัดระดับความสามารถทางภาษาญี่ปุ่น",
        "jlpt": "N5"
    },
    {
        "vocab": "晴れ",
        "type": "คำนาม (Noun)",
        "meaning": "อากาศแจ่มใส แดดออก",
        "jlpt": "N5"
    },
    {
        "vocab": "探します",
        "type": "คำกริยา (Verb)",
        "meaning": "หา",
        "jlpt": "N5"
    },
    {
        "vocab": "考えます",
        "type": "คำกริยา (Verb)",
        "meaning": "คิด",
        "jlpt": "N5"
    },
    {
        "vocab": "マイナス",
        "type": "คำนาม (Noun)",
        "meaning": "(อุณหภูมิ) ติดลบ",
        "jlpt": "N5"
    },
    {
        "vocab": "危ない",
        "type": "คำคุณศัพท์\n(い-Adjective)",
        "meaning": "อันตราย",
        "jlpt": "N5"
    },
    {
        "vocab": "今朝",
        "type": "คำนาม (Noun)",
        "meaning": "เมื่อเช้า, เช้านี้",
        "jlpt": "N5"
    },
    {
        "vocab": "降ります",
        "type": "คำกริยา (Verb)",
        "meaning": "ตก (ฝน หิมะ)",
        "jlpt": "N5"
    },
    {
        "vocab": "とても",
        "type": "คำวิเศษณ์ (Adverb)",
        "meaning": "อย่างยิ่ง มาก ๆ",
        "jlpt": "N5"
    },
    {
        "vocab": "交通事故",
        "type": "คำนาม (Noun)",
        "meaning": "อุบัติเหตุจราจร",
        "jlpt": "N5"
    },
    {
        "vocab": "バナナボート",
        "type": "คำนาม (Noun)",
        "meaning": "banana boat",
        "jlpt": "N5"
    },
    {
        "vocab": "ビーチ",
        "type": "คำนาม (Noun)",
        "meaning": "หาด ชายหาด",
        "jlpt": "N5"
    },
    {
        "vocab": "トムヤムタレー",
        "type": "คำนาม (Noun)",
        "meaning": "ต้มยำทะเล",
        "jlpt": "N5"
    },
    {
        "vocab": "スープ",
        "type": "คำนาม (Noun)",
        "meaning": "ซุป",
        "jlpt": "N5"
    },
    {
        "vocab": "エビ",
        "type": "คำนาม (Noun)",
        "meaning": "กุ้ง",
        "jlpt": "N5"
    },
    {
        "vocab": "イカ",
        "type": "คำนาม (Noun)",
        "meaning": "ปลาหมึกกล้วย (squid)",
        "jlpt": "N5"
    },
    {
        "vocab": "きのこ",
        "type": "คำนาม (Noun)",
        "meaning": "เห็ด",
        "jlpt": "N5"
    },
    {
        "vocab": "入ります",
        "type": "คำกริยา (Verb)",
        "meaning": "เข้า",
        "jlpt": "N5"
    },
    {
        "vocab": "すっぱい",
        "type": "คำคุณศัพท์\n(い-Adjective)",
        "meaning": "เปรี้ยว",
        "jlpt": "N5"
    },
    {
        "vocab": "開きます",
        "type": "คำกริยา (Verb)",
        "meaning": "(ประตู หน้าต่าง) เปิด (อกรรมกริยา)",
        "jlpt": "N5"
    },
    {
        "vocab": "壊れます",
        "type": "คำกริยา (Verb)",
        "meaning": "พัง เสีย",
        "jlpt": "N5"
    },
    {
        "vocab": "道路",
        "type": "คำนาม (Noun)",
        "meaning": "ถนน ทาง",
        "jlpt": "N5"
    },
    {
        "vocab": "電気",
        "type": "คำนาม (Noun)",
        "meaning": "ไฟฟ้า",
        "jlpt": "N5"
    },
    {
        "vocab": "ドア",
        "type": "คำนาม (Noun)",
        "meaning": "ประตู",
        "jlpt": "N5"
    },
    {
        "vocab": "開けます",
        "type": "คำกริยา (Verb)",
        "meaning": "เปิด (ประตู หน้าต่าง) (สกรรมกริยา)",
        "jlpt": "N5"
    },
    {
        "vocab": "つきます",
        "type": "คำกริยา (Verb)",
        "meaning": "(อุปกรณ์ไฟฟ้า) เปิด, ติด (อกรรมกริยา)",
        "jlpt": "N5"
    },
    {
        "vocab": "つけます",
        "type": "คำกริยา (Verb)",
        "meaning": "เปิด (อุปกรณ์ไฟฟ้า) (สกรรมกริยา)",
        "jlpt": "N5"
    },
    {
        "vocab": "夕方",
        "type": "คำนาม (Noun)",
        "meaning": "ตอนเย็น",
        "jlpt": "N5"
    },
    {
        "vocab": "パパイヤ",
        "type": "คำนาม (Noun)",
        "meaning": "มะละกอ",
        "jlpt": "N5"
    },
    {
        "vocab": "イルミネーション",
        "type": "คำนาม (Noun)",
        "meaning": "ไฟประดับ",
        "jlpt": "N5"
    },
    {
        "vocab": "閉まります",
        "type": "คำกริยา (Verb)",
        "meaning": "(ประตู หน้าต่าง) ปิด (อกรรมกริยา)",
        "jlpt": "N5"
    },
    {
        "vocab": "どうしましょうか",
        "type": "วลี (Phrase)",
        "meaning": "จะทำอย่างไรกันดี",
        "jlpt": "N5"
    },
    {
        "vocab": "お店",
        "type": "คำนาม (Noun)",
        "meaning": "ร้าน",
        "jlpt": "N5"
    },
    {
        "vocab": "こみます",
        "type": "คำกริยา (Verb)",
        "meaning": "คนแน่น",
        "jlpt": "N5"
    },
    {
        "vocab": "前",
        "type": "คำนาม (Noun)",
        "meaning": "หน้า ข้างหน้า",
        "jlpt": "N5"
    },
    {
        "vocab": "ツアー",
        "type": "คำนาม (Noun)",
        "meaning": "ทัวร์",
        "jlpt": "N5"
    },
    {
        "vocab": "止まります",
        "type": "คำกริยา (Verb)",
        "meaning": "หยุด จอด",
        "jlpt": "N5"
    },
    {
        "vocab": "とうがらし",
        "type": "คำนาม (Noun)",
        "meaning": "พริก",
        "jlpt": "N5"
    },
    {
        "vocab": "たくさん",
        "type": "คำวิเศษณ์ (Adverb)",
        "meaning": "มาก เยอะ",
        "jlpt": "N5"
    },
    {
        "vocab": "気をつけます",
        "type": "วลี (Phrase)",
        "meaning": "ระมัดระวัง",
        "jlpt": "N5"
    },
    {
        "vocab": "トムセープ",
        "type": "คำนาม (Noun)",
        "meaning": "ต้มแซ่บ",
        "jlpt": "N5"
    },
    {
        "vocab": "ぶた肉",
        "type": "คำนาม (Noun)",
        "meaning": "เนื้อหมู",
        "jlpt": "N5"
    },
    {
        "vocab": "消えます",
        "type": "คำกริยา (Verb)",
        "meaning": "(ไฟ, ไฟฟ้า) ปิด ดับ (อกรรมกริยา)",
        "jlpt": "N5"
    },
    {
        "vocab": "砂糖",
        "type": "คำนาม (Noun)",
        "meaning": "น้ำตาล",
        "jlpt": "N5"
    },
    {
        "vocab": "はちみつ",
        "type": "คำนาม (Noun)",
        "meaning": "น้ำผึ้ง",
        "jlpt": "N5"
    },
    {
        "vocab": "サラダ",
        "type": "คำนาม (Noun)",
        "meaning": "สลัด",
        "jlpt": "N5"
    },
    {
        "vocab": "からい",
        "type": "คำคุณศัพท์\n(い-Adjective)",
        "meaning": "เผ็ด",
        "jlpt": "N5"
    },
    {
        "vocab": "クルアイブアッチー",
        "type": "คำนาม (Noun)",
        "meaning": "กล้วยบวชชี",
        "jlpt": "N5"
    },
    {
        "vocab": "おかし",
        "type": "คำนาม (Noun)",
        "meaning": "ขนม",
        "jlpt": "N5"
    },
    {
        "vocab": "ゲーンハンレー",
        "type": "คำนาม (Noun)",
        "meaning": "แกงฮังเล",
        "jlpt": "N5"
    },
    {
        "vocab": "チェンマイ",
        "type": "คำนาม (Noun)",
        "meaning": "เชียงใหม่",
        "jlpt": "N5"
    },
    {
        "vocab": "カレー",
        "type": "คำนาม (Noun)",
        "meaning": "แกง",
        "jlpt": "N5"
    },
    {
        "vocab": "エメラルド寺院",
        "type": "คำนาม (Noun)",
        "meaning": "วัดพระแก้ว",
        "jlpt": "N5"
    },
    {
        "vocab": "サイアムオーシャンワールド",
        "type": "คำนาม (Noun)",
        "meaning": "Siam Ocean World",
        "jlpt": "N5"
    },
    {
        "vocab": "サファリワールド",
        "type": "คำนาม (Noun)",
        "meaning": "Safari World",
        "jlpt": "N5"
    },
    {
        "vocab": "ドリームワールド",
        "type": "คำนาม (Noun)",
        "meaning": "Dream World",
        "jlpt": "N5"
    },
    {
        "vocab": "ソムタム",
        "type": "คำนาม (Noun)",
        "meaning": "ส้มตำ",
        "jlpt": "N5"
    },
    {
        "vocab": "あじ",
        "type": "คำนาม (Noun)",
        "meaning": "รสชาติ",
        "jlpt": "N5"
    },
    {
        "vocab": "こい",
        "type": "คำนาม (Noun)",
        "meaning": "รสจัด, เข้มข้น",
        "jlpt": "N5"
    },
    {
        "vocab": "塩辛い",
        "type": "คำคุณศัพท์\n(い-Adjective)",
        "meaning": "เค็ม",
        "jlpt": "N5"
    },
    {
        "vocab": "ジュース",
        "type": "คำนาม (Noun)",
        "meaning": "น้ำผลไม้",
        "jlpt": "N5"
    },
    {
        "vocab": "甘い",
        "type": "คำคุณศัพท์\n(い-Adjective)",
        "meaning": "หวาน",
        "jlpt": "N5"
    },
    {
        "vocab": "やわらかい",
        "type": "คำคุณศัพท์\n(い-Adjective)",
        "meaning": "อ่อนนุ่ม",
        "jlpt": "N5"
    },
    {
        "vocab": "にぎやか",
        "type": "คำคุณศัพท์\n(な-Adjective)",
        "meaning": "อึกทึก คึกคัก",
        "jlpt": "N5"
    },
    {
        "vocab": "楽しい",
        "type": "คำคุณศัพท์\n(い-Adjective)",
        "meaning": "สนุก",
        "jlpt": "N5"
    },
    {
        "vocab": "優しい",
        "type": "คำคุณศัพท์\n(い-Adjective)",
        "meaning": "อ่อนโยน ใจดี",
        "jlpt": "N5"
    },
    {
        "vocab": "かっこいい",
        "type": "คำคุณศัพท์\n(い-Adjective)",
        "meaning": "เท่",
        "jlpt": "N5"
    },
    {
        "vocab": "人",
        "type": "คำนาม (Noun)",
        "meaning": "คน",
        "jlpt": "N5"
    },
    {
        "vocab": "頭",
        "type": "คำนาม (Noun)",
        "meaning": "ศีรษะ, หัว",
        "jlpt": "N5"
    },
    {
        "vocab": "青い",
        "type": "คำคุณศัพท์\n(い-Adjective)",
        "meaning": "สีน้ำเงิน",
        "jlpt": "N5"
    },
    {
        "vocab": "なります",
        "type": "คำกริยา (Verb)",
        "meaning": "กลายเป็น",
        "jlpt": "N5"
    },
    {
        "vocab": "もっと",
        "type": "คำวิเศษณ์ (Adverb)",
        "meaning": "อีก",
        "jlpt": "N5"
    },
    {
        "vocab": "交通",
        "type": "คำนาม (Noun)",
        "meaning": "การจราจร",
        "jlpt": "N5"
    },
    {
        "vocab": "便利",
        "type": "คำคุณศัพท์\n(な-Adjective)",
        "meaning": "สะดวก",
        "jlpt": "N5"
    },
    {
        "vocab": "少ない",
        "type": "คำคุณศัพท์\n(い-Adjective)",
        "meaning": "น้อย",
        "jlpt": "N5"
    },
    {
        "vocab": "上手",
        "type": "คำคุณศัพท์\n(な-Adjective)",
        "meaning": "เก่ง",
        "jlpt": "N5"
    },
    {
        "vocab": "暖かい",
        "type": "คำคุณศัพท์\n(い-Adjective)",
        "meaning": "(อากาศ) อบอุ่น",
        "jlpt": "N5"
    },
    {
        "vocab": "外国人",
        "type": "คำนาม (Noun)",
        "meaning": "ชาวต่างชาติ",
        "jlpt": "N5"
    },
    {
        "vocab": "いなか",
        "type": "คำนาม (Noun)",
        "meaning": "ชนบท, ต่างจังหวัด",
        "jlpt": "N5"
    },
    {
        "vocab": "子ども",
        "type": "คำนาม (Noun)",
        "meaning": "เด็ก",
        "jlpt": "N5"
    },
    {
        "vocab": "これから",
        "type": "คำวิเศษณ์ (Adverb)",
        "meaning": "ตั้งแต่นี้",
        "jlpt": "N5"
    },
    {
        "vocab": "経済",
        "type": "คำนาม (Noun)",
        "meaning": "เศรษฐกิจ",
        "jlpt": "N5"
    },
    {
        "vocab": "将来",
        "type": "คำนาม (Noun)",
        "meaning": "อนาคต",
        "jlpt": "N5"
    },
    {
        "vocab": "電車",
        "type": "คำนาม (Noun)",
        "meaning": "รถไฟ",
        "jlpt": "N5"
    },
    {
        "vocab": "公園",
        "type": "คำนาม (Noun)",
        "meaning": "สวนสาธารณะ",
        "jlpt": "N5"
    },
    {
        "vocab": "桜",
        "type": "คำนาม (Noun)",
        "meaning": "ซากุระ",
        "jlpt": "N5"
    },
    {
        "vocab": "母の日",
        "type": "คำนาม (Noun)",
        "meaning": "วันแม่",
        "jlpt": "N5"
    },
    {
        "vocab": "あげます",
        "type": "คำกริยา (Verb)",
        "meaning": "ให้",
        "jlpt": "N5"
    },
    {
        "vocab": "花",
        "type": "คำนาม (Noun)",
        "meaning": "ดอกไม้",
        "jlpt": "N5"
    },
    {
        "vocab": "食事します",
        "type": "คำกริยา (Verb)",
        "meaning": "รับประทานอาหาร",
        "jlpt": "N5"
    },
    {
        "vocab": "誕生日",
        "type": "คำนาม (Noun)",
        "meaning": "วันเกิด",
        "jlpt": "N5"
    },
    {
        "vocab": "父",
        "type": "คำนาม (Noun)",
        "meaning": "พ่อ (ของตนเอง)",
        "jlpt": "N5"
    },
    {
        "vocab": "ネクタイ",
        "type": "คำนาม (Noun)",
        "meaning": "เนคไท",
        "jlpt": "N5"
    },
    {
        "vocab": "お土産",
        "type": "คำนาม (Noun)",
        "meaning": "ของฝาก",
        "jlpt": "N5"
    },
    {
        "vocab": "兄",
        "type": "คำนาม (Noun)",
        "meaning": "พี่ชาย (ของตนเอง)",
        "jlpt": "N5"
    },
    {
        "vocab": "昼ご飯",
        "type": "คำนาม (Noun)",
        "meaning": "อาหารกลางวัน",
        "jlpt": "N5"
    },
    {
        "vocab": "お金",
        "type": "คำนาม (Noun)",
        "meaning": "เงิน",
        "jlpt": "N5"
    },
    {
        "vocab": "もらいます",
        "type": "คำกริยา (Verb)",
        "meaning": "รับ",
        "jlpt": "N5"
    },
    {
        "vocab": "母",
        "type": "คำนาม (Noun)",
        "meaning": "แม่ (ของตนเอง)",
        "jlpt": "N5"
    },
    {
        "vocab": "恋人",
        "type": "คำนาม (Noun)",
        "meaning": "แฟน คนรัก",
        "jlpt": "N5"
    },
    {
        "vocab": "手作り",
        "type": "คำนาม (Noun)",
        "meaning": "ของโฮมเมด, ของแฮนด์เมด",
        "jlpt": "N5"
    },
    {
        "vocab": "祖母",
        "type": "คำนาม (Noun)",
        "meaning": "ย่า ยาย (ของตนเอง)",
        "jlpt": "N5"
    },
    {
        "vocab": "けいたいでんわ",
        "type": "คำนาม (Noun)",
        "meaning": "โทรศัพท์มือถือ",
        "jlpt": "N5"
    },
    {
        "vocab": "シャツ",
        "type": "คำนาม (Noun)",
        "meaning": "เสื้อเชิ้ต",
        "jlpt": "N5"
    },
    {
        "vocab": "後輩",
        "type": "คำนาม (Noun)",
        "meaning": "รุ่นน้อง",
        "jlpt": "N5"
    },
    {
        "vocab": "去年",
        "type": "คำนาม (Noun)",
        "meaning": "ปีที่แล้ว",
        "jlpt": "N5"
    },
    {
        "vocab": "クマ",
        "type": "คำนาม (Noun)",
        "meaning": "หมี",
        "jlpt": "N5"
    },
    {
        "vocab": "ぬいぐるみ",
        "type": "คำนาม (Noun)",
        "meaning": "ตุ๊กตายัดนุ่น",
        "jlpt": "N5"
    },
    {
        "vocab": "お正月",
        "type": "คำนาม (Noun)",
        "meaning": "วันขึ้นปีใหม่",
        "jlpt": "N5"
    },
    {
        "vocab": "高校",
        "type": "คำนาม (Noun)",
        "meaning": "มัธยมศึกษาตอนปลาย",
        "jlpt": "N5"
    },
    {
        "vocab": "卒業式",
        "type": "คำนาม (Noun)",
        "meaning": "พิธีจบการศึกษา",
        "jlpt": "N5"
    },
    {
        "vocab": "今度",
        "type": "คำนาม (Noun)",
        "meaning": "ครั้งหน้า คราวหน้า",
        "jlpt": "N5"
    },
    {
        "vocab": "言います",
        "type": "คำกริยา (Verb)",
        "meaning": "พูด",
        "jlpt": "N5"
    },
    {
        "vocab": "葉",
        "type": "คำนาม (Noun)",
        "meaning": "ใบไม้",
        "jlpt": "N5"
    },
    {
        "vocab": "折ります",
        "type": "คำกริยา (Verb)",
        "meaning": "พับ",
        "jlpt": "N5"
    },
    {
        "vocab": "図",
        "type": "คำนาม (Noun)",
        "meaning": "แผนผัง แผนภาพ",
        "jlpt": "N5"
    },
    {
        "vocab": "テーブル",
        "type": "คำนาม (Noun)",
        "meaning": "โต๊ะ",
        "jlpt": "N5"
    },
    {
        "vocab": "組み立てます",
        "type": "คำกริยา (Verb)",
        "meaning": "ประกอบ",
        "jlpt": "N5"
    },
    {
        "vocab": "説明します",
        "type": "คำกริยา (Verb)",
        "meaning": "อธิบาย",
        "jlpt": "N5"
    },
    {
        "vocab": "見本",
        "type": "คำนาม (Noun)",
        "meaning": "ตัวอย่าง",
        "jlpt": "N5"
    },
    {
        "vocab": "文",
        "type": "คำนาม (Noun)",
        "meaning": "ประโยค",
        "jlpt": "N5"
    },
    {
        "vocab": "クラトン",
        "type": "คำนาม (Noun)",
        "meaning": "กระทง",
        "jlpt": "N5"
    },
    {
        "vocab": "発音します",
        "type": "คำกริยา (Verb)",
        "meaning": "ออกเสียง",
        "jlpt": "N5"
    },
    {
        "vocab": "にんにく",
        "type": "คำนาม (Noun)",
        "meaning": "กระเทียม",
        "jlpt": "N5"
    },
    {
        "vocab": "クロック",
        "type": "คำนาม (Noun)",
        "meaning": "ครก",
        "jlpt": "N5"
    },
    {
        "vocab": "たたきます",
        "type": "คำกริยา (Verb)",
        "meaning": "ตำ",
        "jlpt": "N5"
    },
    {
        "vocab": "ナンプラー",
        "type": "คำนาม (Noun)",
        "meaning": "น้ำปลา",
        "jlpt": "N5"
    },
    {
        "vocab": "ココナッツ",
        "type": "คำนาม (Noun)",
        "meaning": "มะพร้าว",
        "jlpt": "N5"
    },
    {
        "vocab": "にんじん",
        "type": "คำนาม (Noun)",
        "meaning": "แครอท",
        "jlpt": "N5"
    },
    {
        "vocab": "トマト",
        "type": "คำนาม (Noun)",
        "meaning": "มะเขือเทศ",
        "jlpt": "N5"
    },
    {
        "vocab": "いんげん",
        "type": "คำนาม (Noun)",
        "meaning": "ถั่วฝักยาว",
        "jlpt": "N5"
    },
    {
        "vocab": "まぜます",
        "type": "คำกริยา (Verb)",
        "meaning": "ผสม",
        "jlpt": "N5"
    },
    {
        "vocab": "調味料",
        "type": "คำนาม (Noun)",
        "meaning": "เครื่องปรุงรส",
        "jlpt": "N5"
    },
    {
        "vocab": "いためます",
        "type": "คำกริยา (Verb)",
        "meaning": "ผัด",
        "jlpt": "N5"
    },
    {
        "vocab": "注文（します）",
        "type": "คำนาม (Noun)",
        "meaning": "การสั่ง (การสั่งของ การสั่งอาหาร)",
        "jlpt": "N5"
    },
    {
        "vocab": "払います",
        "type": "คำกริยา (Verb)",
        "meaning": "จ่ายเงิน",
        "jlpt": "N5"
    },
    {
        "vocab": "自動販売機",
        "type": "คำนาม (Noun)",
        "meaning": "เครื่องขายสินค้าอัตโนมัติ",
        "jlpt": "N5"
    },
    {
        "vocab": "ボタン",
        "type": "คำนาม (Noun)",
        "meaning": "ปุ่ม",
        "jlpt": "N5"
    },
    {
        "vocab": "押します",
        "type": "คำกริยา (Verb)",
        "meaning": "กด",
        "jlpt": "N5"
    },
    {
        "vocab": "入れます",
        "type": "คำกริยา (Verb)",
        "meaning": "ใส่",
        "jlpt": "N5"
    },
    {
        "vocab": "なべ",
        "type": "คำนาม (Noun)",
        "meaning": "หม้อ",
        "jlpt": "N5"
    },
    {
        "vocab": "油",
        "type": "คำนาม (Noun)",
        "meaning": "น้ำมัน",
        "jlpt": "N5"
    },
    {
        "vocab": "火",
        "type": "คำนาม (Noun)",
        "meaning": "ไฟ",
        "jlpt": "N5"
    },
    {
        "vocab": "つけます",
        "type": "คำกริยา (Verb)",
        "meaning": "จุด (ไฟ)",
        "jlpt": "N5"
    },
    {
        "vocab": "小学生",
        "type": "คำนาม (Noun)",
        "meaning": "นักเรียนชั้นประถมศึกษา",
        "jlpt": "N5"
    },
    {
        "vocab": "毎朝",
        "type": "คำนาม (Noun)",
        "meaning": "ทุกเช้า",
        "jlpt": "N5"
    },
    {
        "vocab": "国歌",
        "type": "คำนาม (Noun)",
        "meaning": "เพลงชาติ",
        "jlpt": "N5"
    },
    {
        "vocab": "受けます",
        "type": "คำกริยา (Verb)",
        "meaning": "เข้าเรียน เข้ารับ",
        "jlpt": "N5"
    },
    {
        "vocab": "お祈り",
        "type": "คำนาม (Noun)",
        "meaning": "สวดมนต์ อธิษฐาน",
        "jlpt": "N5"
    },
    {
        "vocab": "流します",
        "type": "คำกริยา (Verb)",
        "meaning": "ไหล",
        "jlpt": "N5"
    },
    {
        "vocab": "野菜",
        "type": "คำนาม (Noun)",
        "meaning": "ผัก",
        "jlpt": "N5"
    },
    {
        "vocab": "洗います",
        "type": "คำกริยา (Verb)",
        "meaning": "ล้าง",
        "jlpt": "N5"
    },
    {
        "vocab": "切ります",
        "type": "คำกริยา (Verb)",
        "meaning": "ตัด หั่น",
        "jlpt": "N5"
    },
    {
        "vocab": "焼きます",
        "type": "คำกริยา (Verb)",
        "meaning": "ย่าง",
        "jlpt": "N5"
    },
    {
        "vocab": "煮ます",
        "type": "คำกริยา (Verb)",
        "meaning": "ต้ม",
        "jlpt": "N5"
    },
    {
        "vocab": "ソンクラーン",
        "type": "คำนาม (Noun)",
        "meaning": "สงกรานต์",
        "jlpt": "N5"
    },
    {
        "vocab": "お参りします",
        "type": "คำกริยา (Verb)",
        "meaning": "ไหว้พระ สักการะ",
        "jlpt": "N5"
    },
    {
        "vocab": "かけます",
        "type": "คำกริยา (Verb)",
        "meaning": "ราด",
        "jlpt": "N5"
    },
    {
        "vocab": "実家",
        "type": "คำนาม (Noun)",
        "meaning": "บ้านเกิด บ้านเดิม",
        "jlpt": "N5"
    },
    {
        "vocab": "手",
        "type": "คำนาม (Noun)",
        "meaning": "มือ",
        "jlpt": "N5"
    },
    {
        "vocab": "カオチェー",
        "type": "คำนาม (Noun)",
        "meaning": "ข้าวแช่",
        "jlpt": "N5"
    },
    {
        "vocab": "ジャスミン",
        "type": "คำนาม (Noun)",
        "meaning": "มะลิ",
        "jlpt": "N5"
    },
    {
        "vocab": "花",
        "type": "คำนาม (Noun)",
        "meaning": "ดอกไม้",
        "jlpt": "N5"
    },
    {
        "vocab": "クロンタン",
        "type": "คำนาม (Noun)",
        "meaning": "คลองตัน",
        "jlpt": "N5"
    },
    {
        "vocab": "船",
        "type": "คำนาม (Noun)",
        "meaning": "เรือ",
        "jlpt": "N5"
    },
    {
        "vocab": "乗ります",
        "type": "คำกริยา (Verb)",
        "meaning": "ขึ้น (ยานพาหนะ)",
        "jlpt": "N5"
    },
    {
        "vocab": "乗り換えます",
        "type": "คำกริยา (Verb)",
        "meaning": "เปลี่ยน, ต่อ (ยานพาหนะ)",
        "jlpt": "N5"
    },
    {
        "vocab": "終点",
        "type": "คำนาม (Noun)",
        "meaning": "ปลายทาง",
        "jlpt": "N5"
    },
    {
        "vocab": "降ります",
        "type": "คำกริยา (Verb)",
        "meaning": "ลง (จากยานพาหนะ)",
        "jlpt": "N5"
    },
    {
        "vocab": "マッカサン",
        "type": "คำนาม (Noun)",
        "meaning": "มักกะสัน",
        "jlpt": "N5"
    },
    {
        "vocab": "駅",
        "type": "คำนาม (Noun)",
        "meaning": "สถานี",
        "jlpt": "N5"
    },
    {
        "vocab": "パヤタイ",
        "type": "คำนาม (Noun)",
        "meaning": "พญาไท",
        "jlpt": "N5"
    },
    {
        "vocab": "サイアム",
        "type": "คำนาม (Noun)",
        "meaning": "สยาม",
        "jlpt": "N5"
    },
    {
        "vocab": "シーロム",
        "type": "คำนาม (Noun)",
        "meaning": "สีลม",
        "jlpt": "N5"
    },
    {
        "vocab": "＿線",
        "type": "คำนาม (Noun)",
        "meaning": "สาย (รถไฟ รถประจำทาง)",
        "jlpt": "N5"
    },
    {
        "vocab": "サラデーン",
        "type": "คำนาม (Noun)",
        "meaning": "ศาลาแดง",
        "jlpt": "N5"
    },
    {
        "vocab": "アソーク",
        "type": "คำนาม (Noun)",
        "meaning": "อโศก",
        "jlpt": "N5"
    },
    {
        "vocab": "歩きます",
        "type": "คำกริยา (Verb)",
        "meaning": "เดิน",
        "jlpt": "N5"
    },
    {
        "vocab": "地下鉄",
        "type": "คำนาม (Noun)",
        "meaning": "รถไฟใต้ดิน",
        "jlpt": "N5"
    },
    {
        "vocab": "サナームチャイ",
        "type": "คำนาม (Noun)",
        "meaning": "สนามชัย",
        "jlpt": "N5"
    },
    {
        "vocab": "どうやって",
        "type": "คำวิเศษณ์ (Adverb)",
        "meaning": "อย่างไร ยังไง",
        "jlpt": "N5"
    },
    {
        "vocab": "プラカノン",
        "type": "คำนาม (Noun)",
        "meaning": "พระโขนง",
        "jlpt": "N5"
    },
    {
        "vocab": "アジアティーク",
        "type": "คำนาม (Noun)",
        "meaning": "เอเชียทีค",
        "jlpt": "N5"
    },
    {
        "vocab": "行き方",
        "type": "คำนาม (Noun)",
        "meaning": "วิธีไป",
        "jlpt": "N5"
    },
    {
        "vocab": "サパーンタクシン",
        "type": "คำนาม (Noun)",
        "meaning": "สะพานตากสิน",
        "jlpt": "N5"
    },
    {
        "vocab": "無料",
        "type": "คำนาม (Noun)",
        "meaning": "ฟรี ไม่มีค่าใช้จ่าย",
        "jlpt": "N5"
    },
    {
        "vocab": "ヤワラート",
        "type": "คำนาม (Noun)",
        "meaning": "เยาวราช",
        "jlpt": "N5"
    },
    {
        "vocab": "中華料理",
        "type": "คำนาม (Noun)",
        "meaning": "อาหารจีน",
        "jlpt": "N5"
    },
    {
        "vocab": "ペッチャブリー",
        "type": "คำนาม (Noun)",
        "meaning": "เพชรบุรี",
        "jlpt": "N5"
    },
    {
        "vocab": "ワットマンコン",
        "type": "คำนาม (Noun)",
        "meaning": "วัดมังกรกมลาวาศ (วัดเล่งเน่ยยี่)",
        "jlpt": "N5"
    },
    {
        "vocab": "エカマイ",
        "type": "คำนาม (Noun)",
        "meaning": "เอกมัย",
        "jlpt": "N5"
    },
    {
        "vocab": "パスターミナル",
        "type": "คำนาม (Noun)",
        "meaning": "ท่ารถ สถานีต้นทางรถประจำทาง",
        "jlpt": "N5"
    },
    {
        "vocab": "バン",
        "type": "คำนาม (Noun)",
        "meaning": "รถตู้",
        "jlpt": "N5"
    },
    {
        "vocab": "サムヤーン",
        "type": "คำนาม (Noun)",
        "meaning": "สามย่าน",
        "jlpt": "N5"
    },
    {
        "vocab": "プラトゥーナーム",
        "type": "คำนาม (Noun)",
        "meaning": "ประตูน้ำ",
        "jlpt": "N5"
    },
    {
        "vocab": "乗り方",
        "type": "คำนาม (Noun)",
        "meaning": "วิธีขึ้น (ยานพาหนะ)",
        "jlpt": "N5"
    },
    {
        "vocab": "グラウンド",
        "type": "คำนาม (Noun)",
        "meaning": "สนาม",
        "jlpt": "N5"
    },
    {
        "vocab": "ドライブ",
        "type": "คำนาม (Noun)",
        "meaning": "ขับรถเล่น",
        "jlpt": "N5"
    },
    {
        "vocab": "運動（します）",
        "type": "คำนาม (Noun)",
        "meaning": "การออกกำลังกาย",
        "jlpt": "N5"
    },
    {
        "vocab": "マラソン",
        "type": "คำนาม (Noun)",
        "meaning": "มาราธอน",
        "jlpt": "N5"
    },
    {
        "vocab": "今晩",
        "type": "คำนาม (Noun)",
        "meaning": "คืนนี้",
        "jlpt": "N5"
    },
    {
        "vocab": "ところ",
        "type": "คำนาม (Noun)",
        "meaning": "บริเวณ แถว สถานที่",
        "jlpt": "N5"
    },
    {
        "vocab": "いせき",
        "type": "คำนาม (Noun)",
        "meaning": "โบราณสถาน",
        "jlpt": "N5"
    },
    {
        "vocab": "ゾウ",
        "type": "คำนาม (Noun)",
        "meaning": "ช้าง",
        "jlpt": "N5"
    },
    {
        "vocab": "外国人",
        "type": "คำนาม (Noun)",
        "meaning": "ชาวต่างชาติ",
        "jlpt": "N5"
    },
    {
        "vocab": "豚肉",
        "type": "คำนาม (Noun)",
        "meaning": "เนื้อหมู",
        "jlpt": "N5"
    },
    {
        "vocab": "プール",
        "type": "คำนาม (Noun)",
        "meaning": "สระว่ายน้ำ",
        "jlpt": "N5"
    },
    {
        "vocab": "泳ぎます",
        "type": "คำกริยา (Verb)",
        "meaning": "ว่ายน้ำ",
        "jlpt": "N5"
    },
    {
        "vocab": "動物",
        "type": "คำนาม (Noun)",
        "meaning": "สัตว์",
        "jlpt": "N5"
    },
    {
        "vocab": "観光地",
        "type": "คำนาม (Noun)",
        "meaning": "สถานที่ท่องเที่ยว",
        "jlpt": "N5"
    },
    {
        "vocab": "動物園",
        "type": "คำนาม (Noun)",
        "meaning": "สวนสัตว์",
        "jlpt": "N5"
    },
    {
        "vocab": "生活",
        "type": "คำนาม (Noun)",
        "meaning": "ความเป็นอยู่",
        "jlpt": "N5"
    },
    {
        "vocab": "なれます",
        "type": "คำกริยา (Verb)",
        "meaning": "ชิน เคยชิน",
        "jlpt": "N5"
    },
    {
        "vocab": "アドバイス",
        "type": "คำนาม (Noun)",
        "meaning": "คำแนะนำ",
        "jlpt": "N5"
    },
    {
        "vocab": "夕方",
        "type": "คำนาม (Noun)",
        "meaning": "ตอนเย็น",
        "jlpt": "N5"
    },
    {
        "vocab": "国歌",
        "type": "คำนาม (Noun)",
        "meaning": "เพลงชาติ",
        "jlpt": "N5"
    },
    {
        "vocab": "止まります",
        "type": "คำกริยา (Verb)",
        "meaning": "หยุด จอด",
        "jlpt": "N5"
    },
    {
        "vocab": "長そで",
        "type": "คำนาม (Noun)",
        "meaning": "เสื้อแขนยาว",
        "jlpt": "N5"
    },
    {
        "vocab": "昼",
        "type": "คำนาม (Noun)",
        "meaning": "กลางวัน",
        "jlpt": "N5"
    },
    {
        "vocab": "お皿",
        "type": "คำนาม (Noun)",
        "meaning": "จาน",
        "jlpt": "N5"
    },
    {
        "vocab": "熱い",
        "type": "คำคุณศัพท์\n(い-Adjective)",
        "meaning": "(สิ่งของ) ร้อน",
        "jlpt": "N5"
    },
    {
        "vocab": "さわります",
        "type": "คำกริยา (Verb)",
        "meaning": "สัมผัส แตะ",
        "jlpt": "N5"
    },
    {
        "vocab": "気をつけます",
        "type": "วลี (Phrase)",
        "meaning": "จะระวัง",
        "jlpt": "N5"
    },
    {
        "vocab": "雨季",
        "type": "คำนาม (Noun)",
        "meaning": "ฤดูฝน",
        "jlpt": "N5"
    },
    {
        "vocab": "かさ",
        "type": "คำนาม (Noun)",
        "meaning": "ร่ม",
        "jlpt": "N5"
    },
    {
        "vocab": "マスク",
        "type": "คำนาม (Noun)",
        "meaning": "หน้ากาก",
        "jlpt": "N5"
    },
    {
        "vocab": "ラビットカード",
        "type": "คำนาม (Noun)",
        "meaning": "บัตร Rabbit",
        "jlpt": "N5"
    },
    {
        "vocab": "水道水",
        "type": "คำนาม (Noun)",
        "meaning": "น้ำประปา น้ำก๊อก",
        "jlpt": "N5"
    },
    {
        "vocab": "めいわく",
        "type": "คำคุณศัพท์\n(な-Adjective)",
        "meaning": "การรบกวน",
        "jlpt": "N5"
    },
    {
        "vocab": "会議",
        "type": "คำนาม (Noun)",
        "meaning": "การประชุม",
        "jlpt": "N5"
    },
    {
        "vocab": "はじめて",
        "type": "คำวิเศษณ์ (Adverb)",
        "meaning": "เป็นครั้งแรก",
        "jlpt": "N5"
    },
    {
        "vocab": "薬",
        "type": "คำนาม (Noun)",
        "meaning": "ยา",
        "jlpt": "N5"
    },
    {
        "vocab": "自動販売機",
        "type": "คำนาม (Noun)",
        "meaning": "เครื่องจำหน่ายสินค้าอัตโนมัติ",
        "jlpt": "N5"
    },
    {
        "vocab": "ボタン",
        "type": "คำนาม (Noun)",
        "meaning": "ปุ่ม",
        "jlpt": "N5"
    },
    {
        "vocab": "押します",
        "type": "คำกริยา (Verb)",
        "meaning": "กด",
        "jlpt": "N5"
    },
    {
        "vocab": "インタビュー試験",
        "type": "คำนาม (Noun)",
        "meaning": "สอบสัมภาษณ์",
        "jlpt": "N5"
    },
    {
        "vocab": "手",
        "type": "คำนาม (Noun)",
        "meaning": "มือ",
        "jlpt": "N5"
    },
    {
        "vocab": "洗います",
        "type": "คำกริยา (Verb)",
        "meaning": "ล้าง",
        "jlpt": "N5"
    },
    {
        "vocab": "走ります",
        "type": "คำกริยา (Verb)",
        "meaning": "วิ่ง",
        "jlpt": "N5"
    },
    {
        "vocab": "ストレッチ",
        "type": "คำนาม (Noun)",
        "meaning": "ยืดกล้ามเนื้อ",
        "jlpt": "N5"
    },
    {
        "vocab": "帰国",
        "type": "คำนาม (Noun)",
        "meaning": "กลับประเทศ",
        "jlpt": "N5"
    },
    {
        "vocab": "体温",
        "type": "คำนาม (Noun)",
        "meaning": "อุณหภูมิร่างกาย",
        "jlpt": "N5"
    },
    {
        "vocab": "測ります",
        "type": "คำกริยา (Verb)",
        "meaning": "วัด (ไข้ พื้นที่ ความยาว)",
        "jlpt": "N5"
    },
    {
        "vocab": "卒業します",
        "type": "คำกริยา (Verb)",
        "meaning": "จบการศึกษา",
        "jlpt": "N5"
    },
    {
        "vocab": "のど",
        "type": "คำนาม (Noun)",
        "meaning": "คอ (throat)",
        "jlpt": "N5"
    },
    {
        "vocab": "事故",
        "type": "คำนาม (Noun)",
        "meaning": "อุบัติเหตุ",
        "jlpt": "N5"
    },
    {
        "vocab": "けが",
        "type": "คำนาม (Noun)",
        "meaning": "บาดเจ็บ",
        "jlpt": "N5"
    },
    {
        "vocab": "渋滞",
        "type": "คำนาม (Noun)",
        "meaning": "รถติด",
        "jlpt": "N5"
    },
    {
        "vocab": "台風",
        "type": "คำนาม (Noun)",
        "meaning": "พายุไต้ฝุ่น",
        "jlpt": "N5"
    },
    {
        "vocab": "倒れます",
        "type": "คำกริยา (Verb)",
        "meaning": "ล้ม โค่น",
        "jlpt": "N5"
    },
    {
        "vocab": "停電",
        "type": "คำนาม (Noun)",
        "meaning": "ไฟดับ",
        "jlpt": "N5"
    },
    {
        "vocab": "大雨",
        "type": "คำนาม (Noun)",
        "meaning": "ฝนตกหนัก",
        "jlpt": "N5"
    },
    {
        "vocab": "洪水",
        "type": "คำนาม (Noun)",
        "meaning": "น้ำท่วม",
        "jlpt": "N5"
    },
    {
        "vocab": "起きます",
        "type": "คำกริยา (Verb)",
        "meaning": "เกิดขึ้น",
        "jlpt": "N5"
    },
    {
        "vocab": "運転します",
        "type": "คำกริยา (Verb)",
        "meaning": "ขับขี่ (ยานพาหนะ)",
        "jlpt": "N5"
    },
    {
        "vocab": "復習します",
        "type": "คำกริยา (Verb)",
        "meaning": "ทบทวน",
        "jlpt": "N5"
    },
    {
        "vocab": "ドリアン",
        "type": "คำนาม (Noun)",
        "meaning": "ทุเรียน",
        "jlpt": "N5"
    },
    {
        "vocab": "印象",
        "type": "คำนาม (Noun)",
        "meaning": "ภาพลักษณ์",
        "jlpt": "N5"
    },
    {
        "vocab": "選びます",
        "type": "คำกริยา (Verb)",
        "meaning": "เลือก",
        "jlpt": "N5"
    },
    {
        "vocab": "調べます",
        "type": "คำกริยา (Verb)",
        "meaning": "ตรวจสอบ ค้นหา",
        "jlpt": "N5"
    },
    {
        "vocab": "全部",
        "type": "คำนาม (Noun)",
        "meaning": "ทั้งหมด",
        "jlpt": "N5"
    },
    {
        "vocab": "申します",
        "type": "คำกริยา (Verb)",
        "meaning": "เรียกว่า ชื่อว่า",
        "jlpt": "N5"
    },
    {
        "vocab": "出身",
        "type": "คำนาม (Noun)",
        "meaning": "บ้านเกิด",
        "jlpt": "N5"
    },
    {
        "vocab": "どうぞ",
        "type": "วลี (Phrase)",
        "meaning": "เชิญ",
        "jlpt": "N5"
    },
    {
        "vocab": "いたします",
        "type": "คำกริยา (Verb)",
        "meaning": "ทำ (รูปถ่อมตน)",
        "jlpt": "N5"
    },
    {
        "vocab": "お辞儀",
        "type": "คำนาม (Noun)",
        "meaning": "โค้งคำนับ",
        "jlpt": "N5"
    },
    {
        "vocab": "学部長",
        "type": "คำนาม (Noun)",
        "meaning": "คณบดี",
        "jlpt": "N5"
    },
    {
        "vocab": "ご＿",
        "type": "ー",
        "meaning": "คำนำหน้าทำให้เป็นคำสุภาพ",
        "jlpt": "N5"
    },
    {
        "vocab": "お＿",
        "type": "ー",
        "meaning": "คำนำหน้าทำให้เป็นคำสุภาพ",
        "jlpt": "N5"
    },
    {
        "vocab": "スケジュール",
        "type": "คำนาม (Noun)",
        "meaning": "กำหนดการ",
        "jlpt": "N5"
    },
    {
        "vocab": "知らせます",
        "type": "คำกริยา (Verb)",
        "meaning": "แจ้งให้ทราบ",
        "jlpt": "N5"
    },
    {
        "vocab": "実験室",
        "type": "คำนาม (Noun)",
        "meaning": "ห้องปฏิบัติการวิจัย ห้องทดลอง",
        "jlpt": "N5"
    },
    {
        "vocab": "電気工学",
        "type": "คำนาม (Noun)",
        "meaning": "วิศวกรรมไฟฟ้า",
        "jlpt": "N5"
    },
    {
        "vocab": "実験",
        "type": "คำนาม (Noun)",
        "meaning": "การทดลอง",
        "jlpt": "N5"
    },
    {
        "vocab": "召し上がります",
        "type": "คำกริยา (Verb)",
        "meaning": "รับประทาน ดื่ม (รูปยกย่อง)",
        "jlpt": "N5"
    },
    {
        "vocab": "少々",
        "type": "คำวิเศษณ์ (Adverb)",
        "meaning": "สักครู่ เล็กน้อย",
        "jlpt": "N5"
    },
    {
        "vocab": "いらっしゃいます",
        "type": "คำกริยา (Verb)",
        "meaning": "ไป มา อยู่ (รูปยกย่อง)",
        "jlpt": "N5"
    },
    {
        "vocab": "ご覧になります",
        "type": "คำกริยา (Verb)",
        "meaning": "มอง ดู (รูปยกย่อง)",
        "jlpt": "N5"
    },
    {
        "vocab": "おっしゃいます",
        "type": "คำกริยา (Verb)",
        "meaning": "พูด (รูปยกย่อง)",
        "jlpt": "N5"
    },
    {
        "vocab": "なさいます",
        "type": "คำกริยา (Verb)",
        "meaning": "ทำ (รูปยกย่อง)",
        "jlpt": "N5"
    },
    {
        "vocab": "泊まります",
        "type": "คำกริยา (Verb)",
        "meaning": "พัก, ค้างคืน",
        "jlpt": "N5"
    },
    {
        "vocab": "大雪",
        "type": "คำนาม (Noun)",
        "meaning": "หิมะตกหนัก",
        "jlpt": "N5"
    },
    {
        "vocab": "嫌",
        "type": "คำคุณศัพท์\n(な-Adjective)",
        "meaning": "ไม่ชอบ, เกลียด",
        "jlpt": "N5"
    },
    {
        "vocab": "荷物",
        "type": "คำนาม (Noun)",
        "meaning": "สัมภาระ",
        "jlpt": "N5"
    }
]