[
    {
        "vocab": "きいてください",
        "hiragana": "きいてください",
        "type": "วลี (Phrase)",
        "meaning": "กรุณาฟัง",
        "jlpt": "N5"
    },
    {
        "vocab": "みてください",
        "hiragana": "みてください",
        "type": "วลี (Phrase)",
        "meaning": "กรุณาดู",
        "jlpt": "N5"
    },
    {
        "vocab": "いってください",
        "hiragana": "いってください",
        "type": "วลี (Phrase)",
        "meaning": "กรุณาพูด (Say)",
        "jlpt": "N5"
    },
    {
        "vocab": "かいてください",
        "hiragana": "かいてください",
        "type": "วลี (Phrase)",
        "meaning": "กรุณาเขียน",
        "jlpt": "N5"
    },
    {
        "vocab": "はなしてください",
        "hiragana": "はなしてください",
        "type": "วลี (Phrase)",
        "meaning": "กรุณาพูดคุย (Speak)",
        "jlpt": "N5"
    },
    {
        "vocab": "しゅくだいをしてください",
        "hiragana":  "しゅくだいをしてください",
        "type": "วลี (Phrase)",
        "meaning": "กรุณาทำการบ้าน",
        "jlpt": "N5"
    },
    {
        "vocab": "しゅくだいをだしてください",
        "hiragana":  "しゅくだいをだしてください",
        "type": "วลี (Phrase)",
        "meaning": "กรุณาส่งการบ้าน",
        "jlpt": "N5"
    },
    {
        "vocab": "もういちどおねがいします",
        "hiragana": "もういちどおねがいします",
        "type": "วลี (Phrase)",
        "meaning": "(ขอความกรุณา) อีกครั้ง",
        "jlpt": "N5"
    },
    {
        "vocab": "はじめましょう",
        "hiragana":  "はじめましょう",
        "type": "วลี (Phrase)",
        "meaning": "มาเริ่ม (เรียน) กัน",
        "jlpt": "N5"
    },
    {
        "vocab": "おわりましょう",
        "hiragana":  "おわりましょう",
        "type": "วลี (Phrase)",
        "meaning": "เลิก (เรียน) กัน",
        "jlpt": "N5"
    },
    {
        "vocab": "わたし",
        "hiragana": "わたし",
        "type": "คำนาม (Noun)",
        "meaning": "ฉัน",
        "jlpt": "N5"
    },
    {
        "vocab": "なまえ",
        "hiragana": "なまえ",
        "type": "คำนาม (Noun)",
        "meaning": "ชื่อ",
        "jlpt": "N5"
    },
    {
        "vocab": "＿さん",
        "hiragana": "＿さん",
        "type": "คำนาม (Noun)",
        "meaning": "คุณ",
        "jlpt": "N5"
    },
    {
        "vocab": "はい",
        "hiragana": "はい",
        "type": "คำอุทาน (Interjection)",
        "meaning": "ตอบรับว่าอยู่ครับ/ค่ะ",
        "jlpt": "N5"
    },
    {
        "vocab": "いません",
        "hiragana": "いません",
        "type": "วลี (Phrase)",
        "meaning": "เพื่อนตอบแทนว่าคนที่ถูกเรียกชื่อ “ไม่อยู่ครับ/ค่ะ”",
        "jlpt": "N5"
    },
    {
        "vocab": "わかりますか",
        "hiragana": "わかりますか",
        "type": "วลี (Phrase)",
        "meaning": "เข้าใจไหม",
        "jlpt": "N5"
    },
    {
        "vocab": "はい、わかります",
        "hiragana": "はい、わかります",
        "type": "วลี (Phrase)",
        "meaning": "เข้าใจครับ/ค่ะ",
        "jlpt": "N5"
    },
    {
        "vocab": "いいえ、わかりません",
        "hiragana": "いいえ、わかりません",
        "type": "วลี (Phrase)",
        "meaning": "ไม่เข้าใจครับ/ค่ะ",
        "jlpt": "N5"
    },
    {
        "vocab": "ゆっくりおねがいします",
        "hiragana": "ゆっくりおねがいします",
        "type": "วลี (Phrase)",
        "meaning": "ขอความกรุณา (พูด) ช้าลง",
        "jlpt": "N5"
    },
    {
        "vocab": "じゅぎょう",
        "hiragana": "じゅぎょう",
        "type": "คำนาม (Noun)",
        "meaning": "ชั่วโมงเรียน (คาบเรียน)",
        "jlpt": "N5"
    },
    {
        "vocab": "しゅくだい",
        "hiragana": "しゅくだい",
        "type": "คำนาม (Noun)",
        "meaning": "การบ้าน",
        "jlpt": "N5"
    },
    {
        "vocab": "きょうかしょ",
        "hiragana": "きょうかしょ",
        "type": "คำนาม (Noun)",
        "meaning": "หนังสือเรียน",
        "jlpt": "N3"
    },
    {
        "vocab": "クイズ",
        "hiragana": "クイズ",
        "type": "คำนาม (Noun)",
        "meaning": "สอบย่อย (Quiz)",
        "jlpt": "N1"
    },
    {
        "vocab": "テスト",
        "hiragana": "テスト",
        "type": "คำนาม (Noun)",
        "meaning": "การสอบ (Test)",
        "jlpt": "N5"
    },
    {
        "vocab": "おはようございます",
        "hiragana": "おはようございます",
        "type": "คำทักทาย, แสดงความรู้สึก (Expressions)",
        "meaning": "สวัสดีตอนเช้า",
        "jlpt": "N5"
    },
    {
        "vocab": "こんにちは",
        "hiragana": "こんにちは",
        "type": "คำทักทาย, แสดงความรู้สึก (Expressions)",
        "meaning": "สวัสดีตอนกลางวัน",
        "jlpt": "N5"
    },
    {
        "vocab": "こんばんは",
        "hiragana": "こんばんは",
        "type": "คำทักทาย, แสดงความรู้สึก (Expressions)",
        "meaning": "สวัสดีตอนเย็น",
        "jlpt": "N5"
    },
    {
        "vocab": "さようなら",
        "hiragana": "さようなら",
        "type": "คำทักทาย, แสดงความรู้สึก (Expressions)",
        "meaning": "ลาก่อน",
        "jlpt": "N5"
    },
    {
        "vocab": "おねがいします",
        "hiragana": "おねがいします",
        "type": "วลี (Phrase)",
        "meaning": "ขอความกรุณาด้วย",
        "jlpt": "N2"
    },
    {
        "vocab": "すみません",
        "hiragana": "すみません",
        "type": "คำทักทาย, แสดงความรู้สึก (Expressions)",
        "meaning": "ขอโทษ",
        "jlpt": "N3"
    },
    {
        "vocab": "しつれいします",
        "hiragana": "しつれいします",
        "type": "คำทักทาย, แสดงความรู้สึก (Expressions)",
        "meaning": "ขอโทษที่เสียมารยาท เช่น ใช้กับการขออนุญาตเข้าห้อง ออกจากห้อง ขอวางสายโทรศัพท์ เป็นต้น",
        "jlpt": "N5"
    },
    {
        "vocab": "ありがとうございます",
        "hiragana":  "ありがとうございます",
        "type": "คำทักทาย, แสดงความรู้สึก (Expressions)",
        "meaning": "ขอบคุณ",
        "jlpt": "N5"
    },
    {
        "vocab": "はじめまして",
        "hiragana": "はじめまして",
        "type": "คำทักทาย, แสดงความรู้สึก (Expressions)",
        "meaning": "ยินดีที่ได้รู้จัก (ใช้พูดตอนแนะนำตัวกับคนที่เจอกันเป็นครั้งแรก)",
        "jlpt": "N5"
    },
    {
        "vocab": "よろしくおねがいします",
        "hiragana": "よろしくおねがいします",
        "type": "คำทักทาย, แสดงความรู้สึก (Expressions)",
        "meaning": "ขอฝากเนื้อฝากตัวด้วย",
        "jlpt": "N5"
    },
    {
        "vocab": "がくせい",
        "hiragana": "がくせい",
        "type": "คำนาม (Noun)",
        "meaning": "นักเรียน",
        "jlpt": "N5"
    },
    {
        "vocab": "せんせい",
        "hiragana": "せんせい",
        "type": "คำนาม (Noun)",
        "meaning": "ครู อาจารย์",
        "jlpt": "N5"
    },
    {
        "vocab": "かいしゃいん",
        "hiragana": "かいしゃいん",
        "type": "คำนาม (Noun)",
        "meaning": "พนักงานบริษัท",
        "jlpt": "N5"
    },
    {
        "vocab": "ぎんこういん",
        "hiragana":  "ぎんこういん",
        "type": "คำนาม (Noun)",
        "meaning": "พนักงานธนาคาร",
        "jlpt": "N5"
    },
    {
        "vocab": "いしゃ",
        "hiragana": "いしゃ",
        "type": "คำนาม (Noun)",
        "meaning": "หมอ",
        "jlpt": "N5"
    },
    {
        "vocab": "エンジニア",
        "hiragana": "エンジニア",
        "type": "คำนาม (Noun)",
        "meaning": "วิศวกร",
        "jlpt": "N1"
    },
    {
        "vocab": "こうむいん",
        "hiragana": "こうむいん",
        "type": "คำนาม (Noun)",
        "meaning": "ข้าราชการ",
        "jlpt": "N4"
    },
    {
        "vocab": "ぎんこう",
        "hiragana":  "ぎんこう",
        "type": "คำนาม (Noun)",
        "meaning": "ธนาคาร",
        "jlpt": "N5"
    },
    {
        "vocab": "かいしゃ",
        "hiragana": "かいしゃ",
        "type": "คำนาม (Noun)",
        "meaning": "บริษัท",
        "jlpt": "N5"
    },
    {
        "vocab": "びょういん",
        "hiragana": "びょういん",
        "type": "คำนาม (Noun)",
        "meaning": "โรงพยาบาล",
        "jlpt": "N5"
    },
    {
        "vocab": "がっこう",
        "hiragana": "がっこう",
        "type": "คำนาม (Noun)",
        "meaning": "โรงเรียน",
        "jlpt": "N5"
    },
    {
        "vocab": "だいがく",
        "hiragana":  "だいがく",
        "type": "คำนาม (Noun)",
        "meaning": "มหาวิทยาลัย",
        "jlpt": "N5"
    },
    {
        "vocab": "がくぶ",
        "hiragana": "がくぶ",
        "type": "คำนาม (Noun)",
        "meaning": "คณะ",
        "jlpt": "N2"
    },
    {
        "vocab": "じょうほうがくぶ",
        "hiragana":  "じょうほうがくぶ",
        "type": "คำนาม (Noun)",
        "meaning": "คณะเทคโนโลยีสารสนเทศ",
        "jlpt": "N3"
    },
    {
        "vocab": "けいえいがくぶ",
        "hiragana": "けいえいがくぶ",
        "type": "คำนาม (Noun)",
        "meaning": "คณะบริหารธุกิจ",
        "jlpt": "N3"
    },
    {
        "vocab": "こうがくぶ",
        "hiragana": "こうがくぶ",
        "type": "คำนาม (Noun)",
        "meaning": "คณะวิศวกรรมศาสตร์",
        "jlpt": "N1"
    },
    {
        "vocab": "しゃいん",
        "hiragana": "しゃいん",
        "type": "คำนาม (Noun)",
        "meaning": "พนักงานบริษัท (ใช้เมื่อบอกสังกัดว่าเป็นพนักงานของบริษัทอะไร \nเช่นトヨタのしゃいん (toyota no shain) พนักงานบริษัทโตโยต้า)",
        "jlpt": "N5"
    },
    {
        "vocab": "１ねんせい",
        "hiragana": "１ねんせい",
        "type": "คำนาม (Noun)",
        "meaning": "ปี 1",
        "jlpt": "N1"
    },
    {
        "vocab": "２ねんせい",
        "hiragana": "２ねんせい",
        "type": "คำนาม (Noun)",
        "meaning": "ปี 2",
        "jlpt": "N1"
    },
    {
        "vocab": "３ねんせい",
        "hiragana": "３ねんせい",
        "type": "คำนาม (Noun)",
        "meaning": "ปี 3",
        "jlpt": "N1"
    },
    {
        "vocab": "４ねんせい",
        "hiragana": "４ねんせい",
        "type": "คำนาม (Noun)",
        "meaning": "ปี 4",
        "jlpt": "N1"
    },
    {
        "vocab": "ここ",
        "hiragana":  "ここ",
        "type": "คำนาม (Noun)",
        "meaning": "ที่นี่",
        "jlpt": "N5"
    },
    {
        "vocab": "そこ",
        "hiragana": "そこ",
        "type": "คำนาม (Noun)",
        "meaning": "ที่นั่น",
        "jlpt": "N5"
    },
    {
        "vocab": "あそこ",
        "hiragana": "あそこ",
        "type": "คำนาม (Noun)",
        "meaning": "ที่โน่น",
        "jlpt": "N5"
    },
    {
        "vocab": "ちゅうしゃじょう",
        "hiragana":  "ちゅうしゃじょう", 
        "type": "คำนาม (Noun)",
        "meaning": "ที่จอดรถ",
        "jlpt": "N4"
    },
    {
        "vocab": "トイレ",
        "hiragana": "トイレ",
        "type": "คำนาม (Noun)",
        "meaning": "ห้องน้ำ",
        "jlpt": "N5"
    },
    {
        "vocab": "としょかん",
        "hiragana": "としょかん",
        "type": "คำนาม (Noun)",
        "meaning": "ห้องสมุด",
        "jlpt": "N5"
    },
    {
        "vocab": "オフィス",
        "hiragana": "オフィス",
        "type": "คำนาม (Noun)",
        "meaning": "ออฟฟิศ",
        "jlpt": "N3"
    },
    {
        "vocab": "Aとう",
        "hiragana": "Aとう",
        "type": "คำนาม (Noun)",
        "meaning": "ตึก A",
        "jlpt": "N1"
    },
    {
        "vocab": "Bとう",
        "hiragana": "Bとう",
        "type": "คำนาม (Noun)",
        "meaning": "ตึก B",
        "jlpt": "N1"
    },
    {
        "vocab": "Cとう",
        "hiragana": "Cとう",
        "type": "คำนาม (Noun)",
        "meaning": "ตึก C",
        "jlpt": "N1"
    },
    {
        "vocab": "Dとう",
        "hiragana": "Dとう",
        "type": "คำนาม (Noun)",
        "meaning": "ตึก D",
        "jlpt": "N1"
    },
    {
        "vocab": "Eとう",
        "hiragana": "Eとう",
        "type": "คำนาม (Noun)",
        "meaning": "ตึก E",
        "jlpt": "N1"
    },
    {
        "vocab": "きょうしつ",
        "hiragana":  "きょうしつ",
        "type": "คำนาม (Noun)",
        "meaning": "ห้องเรียน",
        "jlpt": "N5"
    },
    {
        "vocab": "しょくどう",
        "hiragana": "しょくどう",
        "type": "คำนาม (Noun)",
        "meaning": "โรงอาหาร",
        "jlpt": "N5"
    },
    {
        "vocab": "コンピュータールーム",
        "hiragana": "コンピュータールーム",
        "type": "คำนาม (Noun)",
        "meaning": "ห้องคอมพิวเตอร์",
        "jlpt": "N4"
    },
    {
        "vocab": "ちか１かい",
        "hiragana": "ちか１かい",
        "type": "คำนาม (Noun)",
        "meaning": "ชั้นใต้ดิน (B1)",
        "jlpt": "N5"
    },
    {
        "vocab": "１かい",
        "hiragana": "１かい",
        "type": "คำนาม (Noun)",
        "meaning": "ชั้น 1",
        "jlpt": "N5"
    },
    {
        "vocab": "２かい",
        "hiragana":  "２かい",
        "type": "คำนาม (Noun)",
        "meaning": "ชั้น 2",
        "jlpt": "N5"
    },
    {
        "vocab": "３がい",
        "hiragana": "３がい",
        "type": "คำนาม (Noun)",
        "meaning": "ชั้น 3",
        "jlpt": "N5"
    },
    {
        "vocab": "４かい",
        "hiragana": "４かい",
        "type": "คำนาม (Noun)",
        "meaning": "ชั้น 4",
        "jlpt": "N5"
    },
    {
        "vocab": "５かい",
        "hiragana": "５かい",
        "type": "คำนาม (Noun)",
        "meaning": "ชั้น 5",
        "jlpt": "N5"
    },
    {
        "vocab": "６かい",
        "hiragana": "６かい",
        "type": "คำนาม (Noun)",
        "meaning": "ชั้น 6",
        "jlpt": "N5"
    },
    {
        "vocab": "にほんご",
        "hiragana": "にほんご",
        "type": "คำนาม (Noun)",
        "meaning": "ภาษาญี่ปุ่น",
        "jlpt": "N5"
    },
    {
        "vocab": "えいご",
        "hiragana": "えいご",
        "type": "คำนาม (Noun)",
        "meaning": "ภาษาอังกฤษ",
        "jlpt": "N5"
    },
    {
        "vocab": "にほんじん",
        "hiragana": "にほんじん",
        "type": "คำนาม (Noun)",
        "meaning": "ชาวญี่ปุ่น",
        "jlpt": "N5"
    },
    {
        "vocab": "エレベーター",
        "hiragana": "エレベーター",
        "type": "คำนาม (Noun)",
        "meaning": "ลิฟต์",
        "jlpt": "N5"
    },
    {
        "vocab": "コピーや",
        "hiragana": "コピーや",
        "type": "คำนาม (Noun)",
        "meaning": "ร้านถ่ายเอกสาร",
        "jlpt": "N5"
    },
    {
        "vocab": "かいだん",
        "hiragana":  "かいだん",
        "type": "คำนาม (Noun)",
        "meaning": "บันได",
        "jlpt": "N5"
    },
    {
        "vocab": "しゅくだいのポスト",
        "hiragana": "しゅくだいのポスト",
        "type": "คำนาม (Noun)",
        "meaning": "ตู้ส่งการบ้านอาจารย์",
        "jlpt": "N5"
    },
    {
        "vocab": "ATM",
        "hiragana": "ATM",
        "type": "คำนาม (Noun)",
        "meaning": "เอทีเอ็ม",
        "jlpt": "N5"
    },
    {
        "vocab": "たいいくかん",
        "hiragana": "たいいくかん",
        "type": "คำนาม (Noun)",
        "meaning": "โรงยิม",
        "jlpt": "N5"
    },
    {
        "vocab": "でんわ",
        "hiragana": "でんわ",
        "type": "คำนาม (Noun)",
        "meaning": "โทรศัพท์",
        "jlpt": "N5"
    },
    {
        "vocab": "でんわばんごう",
        "hiragana": "でんわばんごう",
        "type": "คำนาม (Noun)",
        "meaning": "เบอร์โทรศัพท์",
        "jlpt": "N5"
    },
    {
        "vocab": "なんばん",
        "hiragana": "なんばん",
        "type": "คำแสดงคำถาม (Question word)",
        "meaning": "เบอร์อะไร",
        "jlpt": "N5"
    },
    {
        "vocab": "そうですか",
        "hiragana":  "そうですか",
        "type": "วลี (Phrase)",
        "meaning": "งั้นหรือ (ใช้พูดแสดงการรับทราบสิ่งที่อีกฝ่ายหนึ่งบอกมา)　",
        "jlpt": "N5"
    },
    {
        "vocab": "いません",
        "hiragana": "いません",
        "type": "วลี (Phrase)",
        "meaning": "ไม่อยู่",
        "jlpt": "N5"
    },
    {
        "vocab": "ごぜん",
        "hiragana": "ごぜん",
        "type": "คำนาม (Noun)",
        "meaning": "ช่วงเช้า",
        "jlpt": "N5"
    },
    {
        "vocab": "ごご",
        "hiragana": "ごご",
        "type": "คำนาม (Noun)",
        "meaning": "ช่วงบ่าย",
        "jlpt": "N5"
    },
    {
        "vocab": "いま",
        "hiragana":  "いま",
        "type": "คำนาม (Noun)",
        "meaning": "ตอนนี้",
        "jlpt": "N5"
    },
    {
        "vocab": "なんじ",
        "hiragana":  "なんじ",
        "type": "คำแสดงคำถาม (Question word)",
        "meaning": "กี่โมง",
        "jlpt": "N5"
    },
    {
        "vocab": "げつようび",
        "hiragana": "げつようび",
        "type": "คำนาม (Noun)",
        "meaning": "วันจันทร์",
        "jlpt": "N5"
    },
    {
        "vocab": "かようび",
        "hiragana": "かようび",
        "type": "คำนาม (Noun)",
        "meaning": "วันอังคาร",
        "jlpt": "N5"
    },
    {
        "vocab": "すいようび",
        "hiragana": "すいようび",
        "type": "คำนาม (Noun)",
        "meaning": "วันพุธ",
        "jlpt": "N5"
    },
    {
        "vocab": "もくようび",
        "hiragana": "もくようび",
        "type": "คำนาม (Noun)",
        "meaning": "วันพฤหัสบดี",
        "jlpt": "N5"
    },
    {
        "vocab": "きんようび",
        "hiragana": "きんようび",
        "type": "คำนาม (Noun)",
        "meaning": "วันศุกร์",
        "jlpt": "N5"
    },
    {
        "vocab": "どようび",
        "hiragana": "どようび",
        "type": "คำนาม (Noun)",
        "meaning": "วันเสาร์",
        "jlpt": "N5"
    },
    {
        "vocab": "にちようび",
        "hiragana":  "にちようび",
        "type": "คำนาม (Noun)",
        "meaning": "วันอาทิตย์",
        "jlpt": "N5"
    },
    {
        "vocab": "なんようび",
        "hiragana":  "なんようび",
        "type": "คำนาม (Noun)",
        "meaning": "วันอะไร",
        "jlpt": "N5"
    },
    {
        "vocab": "じゅぎょう",
        "hiragana": "じゅぎょう",
        "type": "คำนาม (Noun)",
        "meaning": "ชั่วโมงเรียน (คาบเรียน)",
        "jlpt": "N5"
    },
    {
        "vocab": "デパート",
        "hiragana": "デパート",
        "type": "คำนาม (Noun)",
        "meaning": "ห้างสรรพสินค้า",
        "jlpt": "N5"
    },
    {
        "vocab": "ゆうびんきょく",
        "hiragana": "ゆうびんきょく",
        "type": "คำนาม (Noun)",
        "meaning": "ไปรษณีย์",
        "jlpt": "N5"
    },
    {
        "vocab": "ぎんこう",
        "hiragana": "ぎんこう",
        "type": "คำนาม (Noun)",
        "meaning": "ธนาคาร",
        "jlpt": "N5"
    },
    {
        "vocab": "びょういん",
        "hiragana": "びょういん",
        "type": "คำนาม (Noun)",
        "meaning": "โรงพยาบาล",
        "jlpt": "N5"
    },
    {
        "vocab": "かいしゃ",
        "hiragana": "かいしゃ",
        "type": "คำนาม (Noun)",
        "meaning": "บริษัท",
        "jlpt": "N5"
    },
    {
        "vocab": "スーパー",
        "hiragana": "スーパー",
        "type": "คำนาม (Noun)",
        "meaning": "ซูเปอร์มาร์เก็ต",
        "jlpt": "N5"
    },
    {
        "vocab": "＿から",
        "hiragana": "＿から",
        "type": "คำช่วย (Postpositional particle)",
        "meaning": "ตั้งแต่...",
        "jlpt": "N5"
    },
    {
        "vocab": "＿まで",
        "hiragana":  "＿まで",
        "type": "คำช่วย (Postpositional particle)",
        "meaning": "จนถึง...",
        "jlpt": "N5"
    },
    {
        "vocab": "＿と",
        "hiragana":  "＿と",
        "type": "คำช่วย (Postpositional particle)",
        "meaning": "กับ",
        "jlpt": "N5"
    },
    {
        "vocab": "すうじ",
        "hiragana": "すうじ",
        "type": "คำนาม (Noun)",
        "meaning": "ตัวเลข",
        "jlpt": "N3"
    },
    {
        "vocab": "ゼロ/れい",
        "hiragana":  "ゼロ/れい",
        "type": "คำนาม (Noun)",
        "meaning": "0",
        "jlpt": "N5"
    },
    {
        "vocab": "いち",
        "hiragana":  "いち",
        "type": "คำนาม (Noun)",
        "meaning": "1",
        "jlpt": "N5"
    },
    {
        "vocab": "に",
        "hiragana": "に",
        "type": "คำนาม (Noun)",
        "meaning": "2",
        "jlpt": "N5"
    },
    {
        "vocab": "さん",
        "hiragana": "さん",
        "type": "คำนาม (Noun)",
        "meaning": "3",
        "jlpt": "N5"
    },
    {
        "vocab": "よん/し",
        "hiragana":  "よん/し",
        "type": "คำนาม (Noun)",
        "meaning": "4",
        "jlpt": "N5"
    },
    {
        "vocab": "ご",
        "hiragana": "ご",
        "type": "คำนาม (Noun)",
        "meaning": "5",
        "jlpt": "N5"
    },
    {
        "vocab": "ろく",
        "hiragana": "ろく",
        "type": "คำนาม (Noun)",
        "meaning": "6",
        "jlpt": "N5"
    },
    {
        "vocab": "なな/しち",
        "hiragana": "なな/しち",
        "type": "คำนาม (Noun)",
        "meaning": "7",
        "jlpt": "N5"
    },
    {
        "vocab": "はち",
        "hiragana":  "はち",
        "type": "คำนาม (Noun)",
        "meaning": "8",
        "jlpt": "N5"
    },
    {
        "vocab": "きゅう/く",
        "hiragana": "きゅう/く",
        "type": "คำนาม (Noun)",
        "meaning": "9",
        "jlpt": "N5"
    },
    {
        "vocab": "じゅう",
        "hiragana": "じゅう",
        "type": "คำนาม (Noun)",
        "meaning": "10",
        "jlpt": "N5"
    },
    {
        "vocab": "じゅういち",
        "hiragana": "じゅういち",
        "type": "คำนาม (Noun)",
        "meaning": "11",
        "jlpt": "N5"
    },
    {
        "vocab": "じゅうに",
        "hiragana": "じゅうに",
        "type": "คำนาม (Noun)",
        "meaning": "12",
        "jlpt": "N5"
    },
    {
        "vocab": "にじゅう",
        "hiragana":  "にじゅう",
        "type": "คำนาม (Noun)",
        "meaning": "20",
        "jlpt": "N5"
    },
    {
        "vocab": "さんじゅう",
        "hiragana": "さんじゅう",
        "type": "คำนาม (Noun)",
        "meaning": "30",
        "jlpt": "N5"
    },
    {
        "vocab": "よんじゅう",
        "hiragana": "よんじゅう",
        "type": "คำนาม (Noun)",
        "meaning": "40",
        "jlpt": "N5"
    },
    {
        "vocab": "ごじゅう",
        "hiragana": "ごじゅう",
        "type": "คำนาม (Noun)",
        "meaning": "50",
        "jlpt": "N5"
    },
    {
        "vocab": "ろくじゅう",
        "hiragana": "ろくじゅう",
        "type": "คำนาม (Noun)",
        "meaning": "60",
        "jlpt": "N5"
    },
    {
        "vocab": "じゅうご",
        "hiragana": "じゅうご",
        "type": "คำนาม (Noun)",
        "meaning": "15",
        "jlpt": "N5"
    },
    {
        "vocab": "にじゅうご",
        "hiragana": "にじゅうご",
        "type": "คำนาม (Noun)",
        "meaning": "25",
        "jlpt": "N5"
    },
    {
        "vocab": "さんじゅうご",
        "hiragana": "さんじゅうご",
        "type": "คำนาม (Noun)",
        "meaning": "35",
        "jlpt": "N5"
    },
    {
        "vocab": "よんじゅうご",
        "hiragana": "よんじゅうご",
        "type": "คำนาม (Noun)",
        "meaning": "45",
        "jlpt": "N5"
    },
    {
        "vocab": "ごじゅうご",
        "hiragana": "ごじゅうご",
        "type": "คำนาม (Noun)",
        "meaning": "55",
        "jlpt": "N5"
    },
    {
        "vocab": "じかん",
        "hiragana": "じかん",
        "type": "คำนาม (Noun)",
        "meaning": "เวลา",
        "jlpt": "N5"
    },
    {
        "vocab": "１じ",
        "hiragana": "１じ",
        "type": "คำนาม (Noun)",
        "meaning": "1 AM/PM",
        "jlpt": "N5"
    },
    {
        "vocab": "２じ",
        "hiragana": "２じ",
        "type": "คำนาม (Noun)",
        "meaning": "2 AM/PM",
        "jlpt": "N5"
    },
    {
        "vocab": "３じ",
        "hiragana": "３じ",
        "type": "คำนาม (Noun)",
        "meaning": "3 AM/PM",
        "jlpt": "N5"
    },
    {
        "vocab": "４じ",
        "hiragana":  "４じ",
        "type": "คำนาม (Noun)",
        "meaning": "4 AM/PM",
        "jlpt": "N5"
    },
    {
        "vocab": "５じ",
        "hiragana":  "５じ",
        "type": "คำนาม (Noun)",
        "meaning": "5 AM/PM",
        "jlpt": "N5"
    },
    {
        "vocab": "６じ",
        "hiragana": "６じ",
        "type": "คำนาม (Noun)",
        "meaning": "6 AM/PM",
        "jlpt": "N5"
    },
    {
        "vocab": "７じ",
        "hiragana": "７じ",
        "type": "คำนาม (Noun)",
        "meaning": "7 AM/PM",
        "jlpt": "N5"
    },
    {
        "vocab": "８じ",
        "hiragana": "８じ",
        "type": "คำนาม (Noun)",
        "meaning": "8 AM/PM",
        "jlpt": "N5"
    },
    {
        "vocab": "９じ",
        "hiragana": "９じ",
        "type": "คำนาม (Noun)",
        "meaning": "9 AM/PM",
        "jlpt": "N5"
    },
    {
        "vocab": "１０じ",
        "hiragana": "１０じ",
        "type": "คำนาม (Noun)",
        "meaning": "10 AM/PM",
        "jlpt": "N5"
    },
    {
        "vocab": "１１じ",
        "hiragana": "１１じ",
        "type": "คำนาม (Noun)",
        "meaning": "11 AM/PM",
        "jlpt": "N5"
    },
    {
        "vocab": "１２じ",
        "hiragana": "１２じ",
        "type": "คำนาม (Noun)",
        "meaning": "12 AM/PM",
        "jlpt": "N5"
    },
    {
        "vocab": "１じはん",
        "hiragana": "１じはん",
        "type": "คำนาม (Noun)",
        "meaning": "1:30 AM/PM",
        "jlpt": "N5"
    },
    {
        "vocab": "２じはん",
        "hiragana": "２じはん",
        "type": "คำนาม (Noun)",
        "meaning": "2:30 AM/PM",
        "jlpt": "N5"
    },
    {
        "vocab": "３じはん",
        "hiragana": "３じはん",
        "type": "คำนาม (Noun)",
        "meaning": "3:30 AM/PM",
        "jlpt": "N5"
    },
    {
        "vocab": "４じはん",
        "hiragana": "４じはん",
        "type": "คำนาม (Noun)",
        "meaning": "4:30 AM/PM",
        "jlpt": "N5"
    },
    {
        "vocab": "５じはん",
        "hiragana": "５じはん",
        "type": "คำนาม (Noun)",
        "meaning": "5:30 AM/PM",
        "jlpt": "N5"
    },
    {
        "vocab": "６じはん",
        "hiragana": "６じはん",
        "type": "คำนาม (Noun)",
        "meaning": "6:30 AM/PM",
        "jlpt": "N5"
    },
    {
        "vocab": "７じはん",
        "hiragana": "７じはん",
        "type": "คำนาม (Noun)",
        "meaning": "7:30 AM/PM",
        "jlpt": "N5"
    },
    {
        "vocab": "８じはん",
        "hiragana": "８じはん",
        "type": "คำนาม (Noun)",
        "meaning": "8:30 AM/PM",
        "jlpt": "N5"
    },
    {
        "vocab": "９じはん",
        "hiragana": "９じはん",
        "type": "คำนาม (Noun)",
        "meaning": "9:30 AM/PM",
        "jlpt": "N5"
    },
    {
        "vocab": "１０じはん",
        "hiragana":  "１０じはん",
        "type": "คำนาม (Noun)",
        "meaning": "10:30 AM/PM",
        "jlpt": "N5"
    },
    {
        "vocab": "１１じはん",
        "hiragana": "１１じはん",
        "type": "คำนาม (Noun)",
        "meaning": "11:30 AM/PM",
        "jlpt": "N5"
    },
    {
        "vocab": "１２じはん",
        "hiragana": "１２じはん",
        "type": "คำนาม (Noun)",
        "meaning": "12:30 AM/PM",
        "jlpt": "N5"
    },
    {
        "vocab": "＿ぷん",
        "hiragana": "＿ぷん",
        "type": "คำนาม (Noun)",
        "meaning": "_นาที (ใช้กับนาทีที่ลงท้ายด้วย 10 เช่น じゅっぷん (juppun)\n10 นาที, にじゅっぷん (nijuppun) 20 นาที, \nさんじゅっぷん (sanjuppun)  30 นาที เป็นต้น",
        "jlpt": "N5"
    },
    {
        "vocab": "＿ふん",
        "hiragana": "＿ふん",
        "type": "คำนาม (Noun)",
        "meaning": "_นาที (ใช้กับนาทีที่ลงท้ายด้วย 5 เช่น ごふん (gofun) 5 นาที, \nじゅうごふん(juugofun)15 นาที , にじゅうごふん (nijuugofun)\n25 นาที เป็นต้น",
        "jlpt": "N5"
    },
    {
        "vocab": "なんじ",
        "hiragana": "なんじ",
        "type": "คำแสดงคำถาม (Question word)",
        "meaning": "กี่โมง",
        "jlpt": "N5"
    },
    {
        "vocab": "＿はん",
        "hiragana": "＿はん",
        "type": "คำนาม (Noun)",
        "meaning": "ครึ่ง",
        "jlpt": "N5"
    },
    {
        "vocab": "あさ",
        "hiragana":  "あさ",
        "type": "คำนาม (Noun)",
        "meaning": "ตอนเช้า",
        "jlpt": "N5"
    },
    {
        "vocab": "ひる",
        "hiragana": "ひる",
        "type": "คำนาม (Noun)",
        "meaning": "ตอนกลางวัน",
        "jlpt": "N5"
    },
    {
        "vocab": "よる",
        "hiragana": "よる",
        "type": "คำนาม (Noun)",
        "meaning": "ตอนกลางคืน",
        "jlpt": "N5"
    },
    {
        "vocab": "いつも",
        "hiragana": "いつも",
        "type": "คำวิเศษณ์ (Adverb)",
        "meaning": "เสมอ, เป็นประจำ",
        "jlpt": "N5"
    },
    {
        "vocab": "どこ",
        "hiragana":  "どこ",
        "type": "คำแสดงคำถาม (Question word)",
        "meaning": "ที่ไหน",
        "jlpt": "N5"
    },
    {
        "vocab": "だいがく",
        "hiragana": "だいがく",
        "type": "คำนาม (Noun)",
        "meaning": "มหาวิทยาลัย",
        "jlpt": "N5"
    },
    {
        "vocab": "うち/いえ",
        "hiragana": "うち/いえ",
        "type": "คำนาม (Noun)",
        "meaning": "บ้าน",
        "jlpt": "N5"
    },
    {
        "vocab": "かいしゃ",
        "hiragana": "かいしゃ",
        "type": "คำนาม (Noun)",
        "meaning": "บริษัท",
        "jlpt": "N5"
    },
    {
        "vocab": "びょういん",
        "hiragana":  "びょういん",
        "type": "คำนาม (Noun)",
        "meaning": "โรงพยาบาล",
        "jlpt": "N5"
    },
    {
        "vocab": "デパート",
        "hiragana": "デパート",
        "type": "คำนาม (Noun)",
        "meaning": "ห้างสรรพสินค้า",
        "jlpt": "N5"
    },
    {
        "vocab": "スーパー",
        "hiragana": "スーパー",
        "type": "คำนาม (Noun)",
        "meaning": "ซูเปอร์มาร์เก็ต",
        "jlpt": "N5"
    },
    {
        "vocab": "ゆうびんきょく",
        "hiragana": "ゆうびんきょく",
        "type": "คำนาม (Noun)",
        "meaning": "ไปรษณีย์",
        "jlpt": "N5"
    },
    {
        "vocab": "ぎんこう",
        "hiragana": "ぎんこう",
        "type": "คำนาม (Noun)",
        "meaning": "ธนาคาร",
        "jlpt": "N5"
    },
    {
        "vocab": "がっこう",
        "hiragana": "がっこう",
        "type": "คำนาม (Noun)",
        "meaning": "โรงเรียน",
        "jlpt": "N5"
    },
    {
        "vocab": "レストラン",
        "hiragana": "レストラン",
        "type": "คำนาม (Noun)",
        "meaning": "ร้านอาหาร",
        "jlpt": "N5"
    },
    {
        "vocab": "どうやって",
        "hiragana": "どうやって",
        "type": "คำแสดงคำถาม (Question word)",
        "meaning": "อย่างไร",
        "jlpt": "N5"
    },
    {
        "vocab": "バス",
        "hiragana": "バス",
        "type": "คำนาม (Noun)",
        "meaning": "รถเมล์",
        "jlpt": "N5"
    },
    {
        "vocab": "タクシー",
        "hiragana": "タクシー",
        "type": "คำนาม (Noun)",
        "meaning": "รถแท็กซี่",
        "jlpt": "N5"
    },
    {
        "vocab": "くるま",
        "hiragana": "くるま",
        "type": "คำนาม (Noun)",
        "meaning": "รถยนต์",
        "jlpt": "N5"
    },
    {
        "vocab": "バイク",
        "hiragana": "バイク",
        "type": "คำนาม (Noun)",
        "meaning": "รถมอเตอร์ไซค์",
        "jlpt": "N5"
    },
    {
        "vocab": "じてんしゃ",
        "hiragana": "じてんしゃ",
        "type": "คำนาม (Noun)",
        "meaning": "รถจักรยาน",
        "jlpt": "N5"
    },
    {
        "vocab": "でんしゃ",
        "hiragana":  "でんしゃ",
        "type": "คำนาม (Noun)",
        "meaning": "รถไฟ",
        "jlpt": "N5"
    },
    {
        "vocab": "ちかてつ",
        "hiragana":  "ちかてつ",
        "type": "คำนาม (Noun)",
        "meaning": "รถไฟใต้ดิน",
        "jlpt": "N5"
    },
    {
        "vocab": "ひこうき",
        "hiragana": "ひこうき",
        "type": "คำนาม (Noun)",
        "meaning": "เครื่องบิน",
        "jlpt": "N5"
    },
    {
        "vocab": "あるいて",
        "hiragana": "あるいて",
        "type": "คำกริยา (Verb 1)",
        "meaning": "เดิน",
        "jlpt": "N5"
    },
    {
        "vocab": "おきます",
        "hiragana": "おきます",
        "type": "คำกริยา (Verb 2)",
        "meaning": "ตื่น",
        "jlpt": "N5"
    },
    {
        "vocab": "ねます",
        "hiragana": "ねます",
        "type": "คำกริยา (Verb 2)",
        "meaning": "นอน",
        "jlpt": "N5"
    },
    {
        "vocab": "いきます",
        "hiragana": "いきます",
        "type": "คำกริยา (Verb 1)",
        "meaning": "ไป",
        "jlpt": "N5"
    },
    {
        "vocab": "きます",
        "hiragana": "きます",
        "type": "คำกริยา (Verb 3)",
        "meaning": "มา",
        "jlpt": "N5"
    },
    {
        "vocab": "かえります",
        "hiragana": "かえります",
        "type": "คำกริยา (Verb 1)",
        "meaning": "กลับ",
        "jlpt": "N5"
    },
    {
        "vocab": "＿に（じかん）",
        "hiragana": "＿に（じかん）",
        "type": "คำช่วย (Postpositional particle)",
        "meaning": "คำช่วยใช้กับเวลา",
        "jlpt": "N5"
    },
    {
        "vocab": "＿に（ばしょ）",
        "hiragana":  "＿に（ばしょ）",
        "type": "คำช่วย (Postpositional particle)",
        "meaning": "คำช่วยใช้กับสถานที่",
        "jlpt": "N5"
    },
    {
        "vocab": "＿で",
        "hiragana":  "＿で",
        "type": "คำช่วย (Postpositional particle)",
        "meaning": "คำช่วยใช้กับคำนามยานพาหนะที่ใช้ในการเดินทาง",
        "jlpt": "N5"
    },
    {
        "vocab": "そして",
        "hiragana": "そして",
        "type": "คำสันธาน (Conjunctions)",
        "meaning": "แล้วก็...",
        "jlpt": "N5"
    },
    {
        "vocab": "これ",
        "hiragana": "これ",
        "type": "คำนาม (Noun)",
        "meaning": "นี่",
        "jlpt": "N5"
    },
    {
        "vocab": "それ",
        "hiragana": "それ",
        "type": "คำนาม (Noun)",
        "meaning": "นั่น",
        "jlpt": "N5"
    },
    {
        "vocab": "あれ",
        "hiragana": "あれ",
        "type": "คำนาม (Noun)",
        "meaning": "โน่น",
        "jlpt": "N5"
    },
    {
        "vocab": "おかね",
        "hiragana": "おかね",
        "type": "คำนาม (Noun)",
        "meaning": "เงิน",
        "jlpt": "N5"
    },
    {
        "vocab": "バーツ",
        "hiragana": "バーツ",
        "type": "คำนาม (Noun)",
        "meaning": "บาท",
        "jlpt": "N5"
    },
    {
        "vocab": "えん",
        "hiragana":  "えん",
        "type": "คำนาม (Noun)",
        "meaning": "เยน",
        "jlpt": "N5"
    },
    {
        "vocab": "ドル",
        "hiragana": "ドル",
        "type": "คำนาม (Noun)",
        "meaning": "ดอลลาร์",
        "jlpt": "N5"
    },
    {
        "vocab": "たべもの",
        "hiragana": "たべもの",
        "type": "คำนาม (Noun)",
        "meaning": "ของกิน",
        "jlpt": "N5"
    },
    {
        "vocab": "のみもの",
        "hiragana": "のみもの",
        "type": "คำนาม (Noun)",
        "meaning": "เครื่องดื่ม",
        "jlpt": "N5"
    },
    {
        "vocab": "ごはん",
        "hiragana": "ごはん",
        "type": "คำนาม (Noun)",
        "meaning": "ข้าว",
        "jlpt": "N5"
    },
    {
        "vocab": "くだもの",
        "hiragana": "くだもの",
        "type": "คำนาม (Noun)",
        "meaning": "ผลไม้",
        "jlpt": "N5"
    },
    {
        "vocab": "ソムタム",
        "hiragana": "ソムタム",
        "type": "คำนาม (Noun)",
        "meaning": "ส้มตำ",
        "jlpt": "N5"
    },
    {
        "vocab": "パッタイ",
        "hiragana": "パッタイ",
        "type": "คำนาม (Noun)",
        "meaning": "ผัดไทย",
        "jlpt": "N5"
    },
    {
        "vocab": "マンゴー",
        "hiragana": "マンゴー",
        "type": "คำนาม (Noun)",
        "meaning": "มะม่วง",
        "jlpt": "N5"
    },
    {
        "vocab": "ドリアン",
        "hiragana": "ドリアン",
        "type": "คำนาม (Noun)",
        "meaning": "ทุเรียน",
        "jlpt": "N5"
    },
    {
        "vocab": "マンゴスチン",
        "hiragana": "マンゴスチン",
        "type": "คำนาม (Noun)",
        "meaning": "มังคุด",
        "jlpt": "N5"
    },
    {
        "vocab": "だいがく",
        "hiragana": "だいがく",
        "type": "คำนาม (Noun)",
        "meaning": "มหาวิทยาลัย",
        "jlpt": "N5"
    },
    {
        "vocab": "ノート",
        "hiragana":  "ノート",
        "type": "คำนาม (Noun)",
        "meaning": "สมุด",
        "jlpt": "N5"
    },
    {
        "vocab": "じしょ",
        "hiragana": "じしょ",
        "type": "คำนาม (Noun)",
        "meaning": "พจนานุกรม",
        "jlpt": "N5"
    },
    {
        "vocab": "えんぴつ",
        "hiragana":  "えんぴつ",
        "type": "คำนาม (Noun)",
        "meaning": "ดินสอ",
        "jlpt": "N5"
    },
    {
        "vocab": "ペン",
        "hiragana":  "ペン",
        "type": "คำนาม (Noun)",
        "meaning": "ปากกา",
        "jlpt": "N5"
    },
    {
        "vocab": "けしゴム",
        "hiragana": "けしゴム",
        "type": "คำนาม (Noun)",
        "meaning": "ยางลบ",
        "jlpt": "N5"
    },
    {
        "vocab": "ほん",
        "hiragana":  "ほん",
        "type": "คำนาม (Noun)",
        "meaning": "หนังสือ",
        "jlpt": "N5"
    },
    {
        "vocab": "かみ",
        "hiragana": "かみ",
        "type": "คำนาม (Noun)",
        "meaning": "กระดาษ",
        "jlpt": "N5"
    },
    {
        "vocab": "パソコン",
        "hiragana": "パソコン",
        "type": "คำนาม (Noun)",
        "meaning": "คอมพิวเตอร์",
        "jlpt": "N4"
    },
    {
        "vocab": "でんわ",
        "hiragana": "でんわ",
        "type": "คำนาม (Noun)",
        "meaning": "โทรศัพท์",
        "jlpt": "N5"
    },
    {
        "vocab": "テレビ",
        "hiragana": "テレビ",
        "type": "คำนาม (Noun)",
        "meaning": "โทรทัศน์",
        "jlpt": "N5"
    },
    {
        "vocab": "かばん",
        "hiragana": "かばん",
        "type": "คำนาม (Noun)",
        "meaning": "กระเป๋า",
        "jlpt": "N5"
    },
    {
        "vocab": "とけい",
        "hiragana":  "とけい",
        "type": "คำนาม (Noun)",
        "meaning": "นาฬิกา",
        "jlpt": "N5"
    },
    {
        "vocab": "シャツ",
        "hiragana": "シャツ",
        "type": "คำนาม (Noun)",
        "meaning": "เสื้อเชิ้ต",
        "jlpt": "N5"
    },
    {
        "vocab": "ネクタイ",
        "hiragana": "ネクタイ",
        "type": "คำนาม (Noun)",
        "meaning": "เนคไท",
        "jlpt": "N5"
    },
    {
        "vocab": "くつ",
        "hiragana": "くつ",
        "type": "คำนาม (Noun)",
        "meaning": "รองเท้า",
        "jlpt": "N5"
    },
    {
        "vocab": "いくら",
        "hiragana": "いくら",
        "type": "คำแสดงคำถาม (Question word)",
        "meaning": "ราคาเท่าไร",
        "jlpt": "N5"
    },
    {
        "vocab": "すうじ",
        "hiragana": "すうじ",
        "type": "คำนาม (Noun)",
        "meaning": "ตัวเลข",
        "jlpt": "N3"
    },
    {
        "vocab": "１００",
        "hiragana": "ひゃく",
        "type": "คำนาม (Noun)",
        "meaning": "หนึ่งร้อย",
        "jlpt": "N5"
    },
    {
        "vocab": "２００",
        "hiragana": "にひゃく",
        "type": "คำนาม (Noun)",
        "meaning": "สองร้อย",
        "jlpt": "N5"
    },
    {
        "vocab": "３００",
        "hiragana": "さんびゃく",
        "type": "คำนาม (Noun)",
        "meaning": "สามร้อย",
        "jlpt": "N5"
    },
    {
        "vocab": "４００",
        "hiragana": "よんひゃく",
        "type": "คำนาม (Noun)",
        "meaning": "สี่ร้อย",
        "jlpt": "N5"
    },
    {
        "vocab": "５００",
        "hiragana": "ごひゃく",
        "type": "คำนาม (Noun)",
        "meaning": "ห้าร้อย",
        "jlpt": "N5"
    },
    {
        "vocab": "６００",
        "hiragana": "ろっぴゃく",
        "type": "คำนาม (Noun)",
        "meaning": "หกร้อย",
        "jlpt": "N5"
    },
    {
        "vocab": "７００",
        "hiragana": "ななひゃく",
        "type": "คำนาม (Noun)",
        "meaning": "เจ็ดร้อย",
        "jlpt": "N5"
    },
    {
        "vocab": "８００",
        "hiragana": "はっぴゃく",
        "type": "คำนาม (Noun)",
        "meaning": "แปดร้อย",
        "jlpt": "N5"
    },
    {
        "vocab": "９００",
        "hiragana": "きゅうひゃく",
        "type": "คำนาม (Noun)",
        "meaning": "เก้าร้อย",
        "jlpt": "N5"
    },
    {
        "vocab": "１０００",
        "hiragana": "いっせん",
        "type": "คำนาม (Noun)",
        "meaning": "หนึ่่งพัน",
        "jlpt": "N5"
    },
    {
        "vocab": "２０００",
        "hiragana": "にせんね",
        "type": "คำนาม (Noun)",
        "meaning": "สองพัน",
        "jlpt": "N5"
    },
    {
        "vocab": "３０００",
        "hiragana": "さんぜん",
        "type": "คำนาม (Noun)",
        "meaning": "สามพัน",
        "jlpt": "N5"
    },
    {
        "vocab": "４０００",
        "hiragana": "よんせん",
        "type": "คำนาม (Noun)",
        "meaning": "สี่พัน",
        "jlpt": "N5"
    },
    {
        "vocab": "５０００",
        "hiragana": "ごせん",
        "type": "คำนาม (Noun)",
        "meaning": "ห้าพัน",
        "jlpt": "N5"
    },
    {
        "vocab": "６０００",
        "hiragana": "ろくせん",
        "type": "คำนาม (Noun)",
        "meaning": "หกพัน",
        "jlpt": "N5"
    },
    {
        "vocab": "７０００",
        "hiragana": "ななせん",
        "type": "คำนาม (Noun)",
        "meaning": "เจ็ดพัน",
        "jlpt": "N5"
    },
    {
        "vocab": "８０００",
        "hiragana": "はっせん",
        "type": "คำนาม (Noun)",
        "meaning": "แปดพัน",
        "jlpt": "N5"
    },
    {
        "vocab": "９０００",
        "hiragana": "きゅうせん",
        "type": "คำนาม (Noun)",
        "meaning": "เก้าพัน",
        "jlpt": "N5"
    },
    {
        "vocab": "１００００",
        "hiragana": "いちまん",
        "type": "คำนาม (Noun)",
        "meaning": "หนึ่งหมื่น",
        "jlpt": "N5"
    },
    {
        "vocab": "２００００",
        "hiragana": "にまん",
        "type": "คำนาม (Noun)",
        "meaning": "สองหมื่น",
        "jlpt": "N5"
    },
    {
        "vocab": "３００００",
        "hiragana": "さんまん",
        "type": "คำนาม (Noun)",
        "meaning": "สามหมื่น",
        "jlpt": "N5"
    },
    {
        "vocab": "４００００",
        "hiragana": "よんまん",
        "type": "คำนาม (Noun)",
        "meaning": "สี่หมื่น",
        "jlpt": "N5"
    },
    {
        "vocab": "５００００",
        "hiragana": "ごまん",
        "type": "คำนาม (Noun)",
        "meaning": "ห้าหมื่น",
        "jlpt": "N5"
    },
    {
        "vocab": "６００００",
        "hiragana": "ろくまん",
        "type": "คำนาม (Noun)",
        "meaning": "หกหมื่น",
        "jlpt": "N5"
    },
    {
        "vocab": "７００００",
        "hiragana": "ななまん",
        "type": "คำนาม (Noun)",
        "meaning": "เจ็ดหมื่น",
        "jlpt": "N5"
    },
    {
        "vocab": "８００００",
        "hiragana": "はちまん",
        "type": "คำนาม (Noun)",
        "meaning": "แปดหมื่น",
        "jlpt": "N5"
    },
    {
        "vocab": "９００００",
        "hiragana": "きゅまん",
        "type": "คำนาม (Noun)",
        "meaning": "เก้าหมื่น",
        "jlpt": "N5"
    },
    {
        "vocab": "１０００００",
        "hiragana": "じゅうまん",
        "type": "คำนาม (Noun)",
        "meaning": "หนึ่งแสน",
        "jlpt": "N5"
    },
    {
        "vocab": "１００００００",
        "hiragana": "ひゃくまん",
        "type": "คำนาม (Noun)",
        "meaning": "หนึ่งล้าน",
        "jlpt": "N5"
    },
    {
        "vocab": "ください",
        "hiragana": "ください",
        "type": "Expressions (phrases, clauses, etc.)",
        "meaning": "ขอ... (ใช้ตอนซื้อของ)",
        "jlpt": "N5"
    },
    {
        "vocab": "いくつ",
        "hiragana": "いくつ",
        "type": "ลักษณะนาม (Noun)",
        "meaning": "กี่ชิ้น, กี่อัน",
        "jlpt": "N5"
    },
    {
        "vocab": "ひとつ",
        "hiragana":  "ひとつ",
        "type": "ลักษณะนาม (Noun)",
        "meaning": "1ชิ้น, 1อัน",
        "jlpt": "N5"
    },
    {
        "vocab": "ふたつ",
        "hiragana": "ふたつ",
        "type": "ลักษณะนาม (Noun)",
        "meaning": "2ชิ้น, 2อัน",
        "jlpt": "N5"
    },
    {
        "vocab": "みっつ",
        "hiragana": "みっつ",
        "type": "ลักษณะนาม (Noun)",
        "meaning": "3ชิ้น, 3อัน",
        "jlpt": "N5"
    },
    {
        "vocab": "よっつ",
        "hiragana": "よっつ",
        "type": "ลักษณะนาม (Noun)",
        "meaning": "4ชิ้น, 4อัน",
        "jlpt": "N5"
    },
    {
        "vocab": "いつつ",
        "hiragana": "いつつ",
        "type": "ลักษณะนาม (Noun)",
        "meaning": "5ชิ้น, 5อัน",
        "jlpt": "N5"
    },
    {
        "vocab": "むっつ",
        "hiragana": "むっつ",
        "type": "ลักษณะนาม (Noun)",
        "meaning": "6ชิ้น, 6อัน",
        "jlpt": "N5"
    },
    {
        "vocab": "ななつ",
        "hiragana": "ななつ",
        "type": "ลักษณะนาม (Noun)",
        "meaning": "7ชิ้น, 7อัน",
        "jlpt": "N5"
    },
    {
        "vocab": "やっつ",
        "hiragana": "やっつ",
        "type": "ลักษณะนาม (Noun)",
        "meaning": "8ชิ้น, 8อัน",
        "jlpt": "N5"
    },
    {
        "vocab": "ここのつ",
        "hiragana": "ここのつ",
        "type": "ลักษณะนาม (Noun)",
        "meaning": "9ชิ้น, 9อัน",
        "jlpt": "N5"
    },
    {
        "vocab": "とお",
        "hiragana": "とお",
        "type": "ลักษณะนาม (Noun)",
        "meaning": "10ชิ้น, 10อัน",
        "jlpt": "N5"
    },
    {
        "vocab": "ケーキ",
        "hiragana": "ケーキ",
        "type": "คำนาม (Noun)",
        "meaning": "เค้ก",
        "jlpt": "N5"
    },
    {
        "vocab": "ハンバーガー",
        "hiragana": "ハンバーガー",
        "type": "คำนาม (Noun)",
        "meaning": "แฮมเบอร์เกอร์",
        "jlpt": "N5"
    },
    {
        "vocab": "フライドポテト",
        "hiragana":  "フライドポテト",
        "type": "คำนาม (Noun)",
        "meaning": "มันฝรั่งทอด",
        "jlpt": "N5"
    },
    {
        "vocab": "ジュース",
        "hiragana": "ジュース",
        "type": "คำนาม (Noun)",
        "meaning": "น้ำผลไม้",
        "jlpt": "N5"
    },
    {
        "vocab": "ココナッツ",
        "hiragana": "ココナッツ",
        "type": "คำนาม (Noun)",
        "meaning": "มะพร้าว",
        "jlpt": "N5"
    },
    {
        "vocab": "おちゃ",
        "hiragana":  "おちゃ",
        "type": "คำนาม (Noun)",
        "meaning": "ชา",
        "jlpt": "N5"
    },
    {
        "vocab": "みず",
        "hiragana": "みず",
        "type": "คำนาม (Noun)",
        "meaning": "น้ำ",
        "jlpt": "N5"
    },
    {
        "vocab": "コーヒー",
        "hiragana":  "コーヒー",
        "type": "คำนาม (Noun)",
        "meaning": "กาแฟ",
        "jlpt": "N5"
    },
    {
        "vocab": "＿を",
        "hiragana": "＿を",
        "type": "คำช่วย (Postpositional particle)",
        "meaning": "คําช่วย を (ข้างหน้า を เป็นคํานาม)",
        "jlpt": "N5"
    },
    {
        "vocab": "たべます",
        "hiragana": "たべます",
        "type": "คำกริยา (Verb 2)",
        "meaning": "กิน",
        "jlpt": "N5"
    },
    {
        "vocab": "のみます",
        "hiragana": "のみます",
        "type": "คำกริยา (Verb 1)",
        "meaning": "ดื่ม",
        "jlpt": "N5"
    },
    {
        "vocab": "ごはん",
        "hiragana": "ごはん",
        "type": "คำนาม (Noun)",
        "meaning": "ข้าว",
        "jlpt": "N5"
    },
    {
        "vocab": "パン",
        "hiragana": "パン",
        "type": "คำนาม (Noun)",
        "meaning": "ขนมปัง",
        "jlpt": "N5"
    },
    {
        "vocab": "さかな",
        "hiragana":  "さかな",
        "type": "คำนาม (Noun)",
        "meaning": "ปลา",
        "jlpt": "N5"
    },
    {
        "vocab": "たまご",
        "hiragana": "たまご",
        "type": "คำนาม (Noun)",
        "meaning": "ไข่",
        "jlpt": "N5"
    },
    {
        "vocab": "にく",
        "hiragana": "にく",
        "type": "คำนาม (Noun)",
        "meaning": "เนื้อ",
        "jlpt": "N5"
    },
    {
        "vocab": "やさい",
        "hiragana": "やさい",
        "type": "คำนาม (Noun)",
        "meaning": "ผัก",
        "jlpt": "N5"
    },
    {
        "vocab": "くだもの",
        "hiragana": "くだもの",
        "type": "คำนาม (Noun)",
        "meaning": "ผลไม้",
        "jlpt": "N5"
    },
    {
        "vocab": "ラーメン",
        "hiragana": "ラーメン",
        "type": "คำนาม (Noun)",
        "meaning": "ราเมง",
        "jlpt": "N5"
    },
    {
        "vocab": "チャーハン",
        "hiragana": "チャーハン",
        "type": "คำนาม (Noun)",
        "meaning": "ข้าวผัด",
        "jlpt": "N5"
    },
    {
        "vocab": "（お）すし",
        "hiragana": "（お）すし",
        "type": "คำนาม (Noun)",
        "meaning": "ซูชิ",
        "jlpt": "N5"
    },
    {
        "vocab": "カレー（ライス）",
        "hiragana": "カレー（ライス）",
        "type": "คำนาม (Noun)",
        "meaning": "(ข้าว) แกงกะหรี่",
        "jlpt": "N5"
    },
    {
        "vocab": "おちゃ",
        "hiragana": "おちゃ",
        "type": "คำนาม (Noun)",
        "meaning": "ชา",
        "jlpt": "N5"
    },
    {
        "vocab": "コーヒー",
        "hiragana": "コーヒー",
        "type": "คำนาม (Noun)",
        "meaning": "กาแฟ",
        "jlpt": "N5"
    },
    {
        "vocab": "ジュース",
        "hiragana":  "ジュース",
        "type": "คำนาม (Noun)",
        "meaning": "น้ำผลไม้",
        "jlpt": "N5"
    },
    {
        "vocab": "こうちゃ",
        "hiragana": "こうちゃ",
        "type": "คำนาม (Noun)",
        "meaning": "ชาฝรั่ง",
        "jlpt": "N5"
    },
    {
        "vocab": "ぎゅうにゅう",
        "hiragana": "ぎゅうにゅう",
        "type": "คำนาม (Noun)",
        "meaning": "นม",
        "jlpt": "N5"
    },
    {
        "vocab": "みず",
        "hiragana": "みず",
        "type": "คำนาม (Noun)",
        "meaning": "น้ำ",
        "jlpt": "N5"
    },
    {
        "vocab": "コーラ",
        "hiragana": "コーラ",
        "type": "คำนาม (Noun)",
        "meaning": "โค้ก",
        "jlpt": "N5"
    },
    {
        "vocab": "あさ",
        "hiragana": "あさ",
        "type": "คำนาม (Noun)",
        "meaning": "เช้า",
        "jlpt": "N5"
    },
    {
        "vocab": "ひる",
        "hiragana":  "ひる",
        "type": "คำนาม (Noun)",
        "meaning": "กลางวัน",
        "jlpt": "N5"
    },
    {
        "vocab": "よる",
        "hiragana": "よる",
        "type": "คำนาม (Noun)",
        "meaning": "กลางคืน",
        "jlpt": "N5"
    },
    {
        "vocab": "あさごはん",
        "hiragana": "あさごはん",
        "type": "คำนาม (Noun)",
        "meaning": "ข้าวเช้า",
        "jlpt": "N5"
    },
    {
        "vocab": "ひるごはん",
        "hiragana": "ひるごはん",
        "type": "คำนาม (Noun)",
        "meaning": "ข้าวกลางวัน",
        "jlpt": "N5"
    },
    {
        "vocab": "ばんごはん",
        "hiragana": "ばんごはん",
        "type": "คำนาม (Noun)",
        "meaning": "ข้าวเย็น",
        "jlpt": "N5"
    },
    {
        "vocab": "にほんりょうり",
        "hiragana": "にほんりょうり",
        "type": "คำนาม (Noun)",
        "meaning": "อาหารญี่ปุ่น",
        "jlpt": "N5"
    },
    {
        "vocab": "タイりょうり",
        "hiragana": "タイりょうり",
        "type": "คำนาม (Noun)",
        "meaning": "อาหารไทย",
        "jlpt": "N5"
    },
    {
        "vocab": "なに",
        "hiragana": "なに",
        "type": "คำแสดงคำถาม (Question word)",
        "meaning": "อะไร",
        "jlpt": "N5"
    },
    {
        "vocab": "＿を",
        "hiragana": "＿を",
        "type": "คำช่วย (Postpositional particle)",
        "meaning": "คำช่วย を",
        "jlpt": "N5"
    },
    {
        "vocab": "きのう",
        "hiragana": "きのう",
        "type": "คำนาม (Noun)",
        "meaning": "เมื่อวานนี้",
        "jlpt": "N5"
    },
    {
        "vocab": "きょう",
        "hiragana":  "きょう",
        "type": "คำนาม (Noun)",
        "meaning": "วันนี้",
        "jlpt": "N5"
    },
    {
        "vocab": "あした",
        "hiragana": "あした",
        "type": "คำนาม (Noun)",
        "meaning": "พรุ่งนี้",
        "jlpt": "N5"
    },
    {
        "vocab": "けさ",
        "hiragana":  "けさ",
        "type": "คำนาม (Noun)",
        "meaning": "เมื่อเช้านี้",
        "jlpt": "N5"
    },
    {
        "vocab": "こんばん",
        "hiragana":  "こんばん",
        "type": "คำนาม (Noun)",
        "meaning": "เย็นนี้",
        "jlpt": "N5"
    },
    {
        "vocab": "せんしゅう",
        "hiragana": "せんしゅう",
        "type": "คำนาม (Noun)",
        "meaning": "สัปดาห์ที่แล้ว",
        "jlpt": "N5"
    },
    {
        "vocab": "こんしゅう",
        "hiragana": "こんしゅう",
        "type": "คำนาม (Noun)",
        "meaning": "สัปดาห์นี้",
        "jlpt": "N5"
    },
    {
        "vocab": "らいしゅう",
        "hiragana": "らいしゅう",
        "type": "คำนาม (Noun)",
        "meaning": "สัปดาห์หน้า",
        "jlpt": "N5"
    },
    {
        "vocab": "せんげつ",
        "hiragana": "せんげつ",
        "type": "คำนาม (Noun)",
        "meaning": "เดือนที่แล้ว",
        "jlpt": "N5"
    },
    {
        "vocab": "こんげつ",
        "hiragana": "こんげつ",
        "type": "คำนาม (Noun)",
        "meaning": "เดือนนี้",
        "jlpt": "N5"
    },
    {
        "vocab": "らいげつ",
        "hiragana": "らいげつ",
        "type": "คำนาม (Noun)",
        "meaning": "เดือนหน้า",
        "jlpt": "N5"
    },
    {
        "vocab": "みます",
        "hiragana": "みます",
        "type": "คำกริยา (Verb 2)",
        "meaning": "ดู",
        "jlpt": "N5"
    },
    {
        "vocab": "ききます",
        "hiragana": "ききます",
        "type": "คำกริยา (Verb 1)",
        "meaning": "ฟัง",
        "jlpt": "N5"
    },
    {
        "vocab": "かきます",
        "hiragana":  "かきます",
        "type": "คำกริยา (Verb 1)",
        "meaning": "เขียน",
        "jlpt": "N5"
    },
    {
        "vocab": "よみます",
        "hiragana": "よみます",
        "type": "คำกริยา (Verb 1)",
        "meaning": "อ่าน",
        "jlpt": "N5"
    },
    {
        "vocab": "します",
        "hiragana": "します",
        "type": "คำกริยา (Verb 3)",
        "meaning": "ทำ (do)",
        "jlpt": "N5"
    },
    {
        "vocab": "かいます",
        "hiragana": "かいます",
        "type": "คำกริยา (Verb 1)",
        "meaning": "ซื้อ",
        "jlpt": "N5"
    },
    {
        "vocab": "あびます",
        "hiragana": "あびます",
        "type": "คำกริยา (Verb 2)",
        "meaning": "อาบ (น้ำ)",
        "jlpt": "N5"
    },
    {
        "vocab": "きます",
        "hiragana": "きます",
        "type": "คำกริยา (Verb 2)",
        "meaning": "ใส่ (เสื้อผ้า)",
        "jlpt": "N5"
    },
    {
        "vocab": "つくります",
        "hiragana": "つくります",
        "type": "คำกริยา (Verb 1)",
        "meaning": "ทำ, ผลิต, สร้าง (make)",
        "jlpt": "N5"
    },
    {
        "vocab": "べんきょうします",
        "hiragana": "べんきょうします",
        "type": "คำกริยา (Verb 3)",
        "meaning": "เรียน",
        "jlpt": "N5"
    },
    {
        "vocab": "アルバイトします",
        "hiragana":  "アルバイトします",
        "type": "คำกริยา (Verb 3)",
        "meaning": "ทำงานพิเศษ",
        "jlpt": "N5"
    },
    {
        "vocab": "そうじします",
        "hiragana": "そうじします",
        "type": "คำกริยา (Verb 3)",
        "meaning": "ทำความสะอาด",
        "jlpt": "N5"
    },
    {
        "vocab": "せんたくします",
        "hiragana":  "せんたくします",
        "type": "คำกริยา (Verb 3)",
        "meaning": "ซักผ้า",
        "jlpt": "N5"
    },
    {
        "vocab": "インターネット",
        "hiragana": "インターネット",
        "type": "คำนาม (Noun)",
        "meaning": "อินเตอร์เน็ต",
        "jlpt": "N5"
    },
    {
        "vocab": "ラジオ",
        "hiragana": "ラジオ",
        "type": "คำนาม (Noun)",
        "meaning": "วิทยุ",
        "jlpt": "N5"
    },
    {
        "vocab": "ほん",
        "hiragana": "ほん",
        "type": "คำนาม (Noun)",
        "meaning": "หนังสือ",
        "jlpt": "N5"
    },
    {
        "vocab": "しんぶん",
        "hiragana": "しんぶん",
        "type": "คำนาม (Noun)",
        "meaning": "หนังสือพิมพ์",
        "jlpt": "N5"
    },
    {
        "vocab": "おんがく",
        "hiragana": "おんがく",
        "type": "คำนาม (Noun)",
        "meaning": "เพลง",
        "jlpt": "N5"
    },
    {
        "vocab": "マンガ",
        "hiragana":  "マンガ",
        "type": "คำนาม (Noun)",
        "meaning": "หนังสือการ์ตูน",
        "jlpt": "N4"
    },
    {
        "vocab": "アニメ",
        "hiragana": "アニメ",
        "type": "คำนาม (Noun)",
        "meaning": "ภาพยนตร์การ์ตูน",
        "jlpt": "N5"
    },
    {
        "vocab": "えいが",
        "hiragana": "えいが",
        "type": "คำนาม (Noun)",
        "meaning": "ภาพยนตร์",
        "jlpt": "N5"
    },
    {
        "vocab": "ゲーム",
        "hiragana":  "ゲーム",
        "type": "คำนาม (Noun)",
        "meaning": "เกม",
        "jlpt": "N5"
    },
    {
        "vocab": "ざっし",
        "hiragana": "ざっし",
        "type": "คำนาม (Noun)",
        "meaning": "นิตยสาร",
        "jlpt": "N5"
    },
    {
        "vocab": "レポート",
        "hiragana": "レポート",
        "type": "คำนาม (Noun)",
        "meaning": "รายงาน",
        "jlpt": "N4"
    },
    {
        "vocab": "メール",
        "hiragana": "メール",
        "type": "คำนาม (Noun)",
        "meaning": "อีเมล",
        "jlpt": "N5"
    },
    {
        "vocab": "ふく",
        "hiragana":  "ふく",
        "type": "คำนาม (Noun)",
        "meaning": "เสื้อผ้า",
        "jlpt": "N5"
    },
    {
        "vocab": "シャツ",
        "hiragana":  "シャツ",
        "type": "คำนาม (Noun)",
        "meaning": "เสื้อเชิ้ต",
        "jlpt": "N5"
    },
    {
        "vocab": "シャワー",
        "hiragana": "シャワー",
        "type": "คำนาม (Noun)",
        "meaning": "ฝักบัวสําหรับอาบน้ํา (Shower)",
        "jlpt": "N5"
    },
    {
        "vocab": "かばん",
        "hiragana": "かばん",
        "type": "คำนาม (Noun)",
        "meaning": "กระเป๋า",
        "jlpt": "N5"
    },
    {
        "vocab": "ペン",
        "hiragana": "ペン",
        "type": "คำนาม (Noun)",
        "meaning": "ปากกา",
        "jlpt": "N5"
    },
    {
        "vocab": "けしゴム",
        "hiragana":  "けしゴム",
        "type": "คำนาม (Noun)",
        "meaning": "ยางลบ",
        "jlpt": "N5"
    },
    {
        "vocab": "えんぴつ",
        "hiragana": "えんぴつ",
        "type": "คำนาม (Noun)",
        "meaning": "ดินสอ",
        "jlpt": "N5"
    },
    {
        "vocab": "ノート",
        "hiragana": "ノート",
        "type": "คำนาม (Noun)",
        "meaning": "สมุด",
        "jlpt": "N5"
    },
    {
        "vocab": "しょくどう",
        "hiragana": "しょくどう",
        "type": "คำนาม (Noun)",
        "meaning": "โรงอาหาร",
        "jlpt": "N5"
    },
    {
        "vocab": "きっさてん",
        "hiragana": "きっさてん",
        "type": "คำนาม (Noun)",
        "meaning": "ร้านกาแฟ",
        "jlpt": "N5"
    },
    {
        "vocab": "カフェ",
        "hiragana": "カフェ",
        "type": "คำนาม (Noun)",
        "meaning": "ร้านคาเฟ่",
        "jlpt": "N5"
    },
    {
        "vocab": "レストラン",
        "hiragana": "レストラン",
        "type": "คำนาม (Noun)",
        "meaning": "ร้านอาหาร",
        "jlpt": "N5"
    },
    {
        "vocab": "うち",
        "hiragana": "うち",
        "type": "คำนาม (Noun)",
        "meaning": "บ้าน",
        "jlpt": "N5"
    },
    {
        "vocab": "いえ",
        "hiragana": "いえ",
        "type": "คำนาม (Noun)",
        "meaning": "บ้าน",
        "jlpt": "N5"
    },
    {
        "vocab": "へや",
        "hiragana": "へや",
        "type": "คำนาม (Noun)",
        "meaning": "ห้อง",
        "jlpt": "N5"
    },
    {
        "vocab": "きょうしつ",
        "hiragana": "きょうしつ",
        "type": "คำนาม (Noun)",
        "meaning": "ห้องเรียน",
        "jlpt": "N5"
    },
    {
        "vocab": "デパート",
        "hiragana": "デパート",
        "type": "คำนาม (Noun)",
        "meaning": "ห้างสรรพสินค้า",
        "jlpt": "N5"
    },
    {
        "vocab": "スーパー",
        "hiragana":  "スーパー",
        "type": "คำนาม (Noun)",
        "meaning": "ซูเปอร์มาร์เก็ต",
        "jlpt": "N5"
    },
    {
        "vocab": "だいがく",
        "hiragana": "だいがく",
        "type": "คำนาม (Noun)",
        "meaning": "มหาวิทยาลัย",
        "jlpt": "N5"
    },
    {
        "vocab": "えいがかん",
        "hiragana": "えいがかん",
        "type": "คำนาม (Noun)",
        "meaning": "โรงภาพยนตร์",
        "jlpt": "N5"
    },
    {
        "vocab": "ともだち",
        "hiragana": "ともだち",
        "type": "คำนาม (Noun)",
        "meaning": "เพื่อน",
        "jlpt": "N5"
    },
    {
        "vocab": "かぞく",
        "hiragana": "かぞく",
        "type": "คำนาม (Noun)",
        "meaning": "ครอบครัว",
        "jlpt": "N5"
    },
    {
        "vocab": "こいびと",
        "hiragana": "こいびと",
        "type": "คำนาม (Noun)",
        "meaning": "แฟน, คนรัก",
        "jlpt": "N3"
    },
    {
        "vocab": "＿と（人）",
        "hiragana": "＿と（人）",
        "type": "คำช่วย (Postpositional particle)",
        "meaning": "คำช่วย と  (คนとคำกริยา หมายถึง ทำกริยากับคนนั้น ๆ)        ",
        "jlpt": "N5"
    },
    {
        "vocab": "ひとりで",
        "hiragana": "ひとりで",
        "type": "Expressions (phrases, clauses, etc.)",
        "meaning": "คนเดียว",
        "jlpt": "N5"
    },
    {
        "vocab": "だれ",
        "hiragana": "だれ",
        "type": "คำแสดงคำถาม (Question word)",
        "meaning": "ใคร",
        "jlpt": "N5"
    },
    {
        "vocab": "すき",
        "hiragana": "すき",
        "type": "คำคุณศัพท์\n(な-Adjective)",
        "meaning": "ชอบ",
        "jlpt": "N5"
    },
    {
        "vocab": "ラーメン",
        "hiragana": "ラーメン",
        "type": "คำนาม (Noun)",
        "meaning": "ราเม็ง",
        "jlpt": "N5"
    },
    {
        "vocab": "アイスクリーム",
        "hiragana": "アイスクリーム",
        "type": "คำนาม (Noun)",
        "meaning": "ไอศกรีม",
        "jlpt": "N5"
    },
    {
        "vocab": "ピザ",
        "hiragana": "ピザ",
        "type": "คำนาม (Noun)",
        "meaning": "พิซซ่า",
        "jlpt": "N5"
    },
    {
        "vocab": "やきそば",
        "hiragana": "やきそば",
        "type": "คำนาม (Noun)",
        "meaning": "ยากิโซบะ (บะหมี่ผัดสไตล์ญี่ปุ่น)        ",
        "jlpt": "N5"
    },
    {
        "vocab": "ガパオ",
        "hiragana":  "ガパオ",
        "type": "คำนาม (Noun)",
        "meaning": "กะเพรา",
        "jlpt": "N5"
    },
    {
        "vocab": "カレーライス",
        "hiragana": "カレーライス",
        "type": "คำนาม (Noun)",
        "meaning": "ข้าวแกงกะหรี่",
        "jlpt": "N5"
    },
    {
        "vocab": "サッカー",
        "hiragana": "サッカー",
        "type": "คำนาม (Noun)",
        "meaning": "ฟุตบอล",
        "jlpt": "N5"
    },
    {
        "vocab": "バスケットボール",
        "hiragana":  "バスケットボール",
        "type": "คำนาม (Noun)",
        "meaning": "บาสเกตบอล",
        "jlpt": "N5"
    },
    {
        "vocab": "バドミントン",
        "hiragana":  "バドミントン",
        "type": "คำนาม (Noun)",
        "meaning": "แบดมินตัน",
        "jlpt": "N5"
    },
    {
        "vocab": "えいが",
        "hiragana": "えいが",
        "type": "คำนาม (Noun)",
        "meaning": "ภาพยนตร์",
        "jlpt": "N5"
    },
    {
        "vocab": "マンガ",
        "hiragana": "マンガ",
        "type": "คำนาม (Noun)",
        "meaning": "หนังสือการ์ตูน",
        "jlpt": "N4"
    },
    {
        "vocab": "アニメ",
        "hiragana":  "アニメ",
        "type": "คำนาม (Noun)",
        "meaning": "ภาพยนตร์การ์ตูน\t(animation)",
        "jlpt": "N5"
    },
    {
        "vocab": "ロック",
        "hiragana":  "ロック",
        "type": "คำนาม (Noun)",
        "meaning": "เพลงร็อก",
        "jlpt": "N5"
    },
    {
        "vocab": "ポップス",
        "hiragana": "ポップス",
        "type": "คำนาม (Noun)",
        "meaning": "เพลงป๊อป",
        "jlpt": "N5"
    },
    {
        "vocab": "Jポップ",
        "hiragana":  "Jポップ",
        "type": "คำนาม (Noun)",
        "meaning": "เพลงป๊อปญี่ปุ่น (J-POP)",
        "jlpt": "N5"
    },
    {
        "vocab": "にほんりょうり",
        "hiragana": "にほんりょうり",
        "type": "คำนาม (Noun)",
        "meaning": "อาหารญี่ปุ่น",
        "jlpt": "N5"
    },
    {
        "vocab": "タイりょうり",
        "hiragana":  "タイりょうり",
        "type": "คำนาม (Noun)",
        "meaning": "อาหารไทย",
        "jlpt": "N5"
    },
    {
        "vocab": "パッタイ",
        "hiragana": "パッタイ",
        "type": "คำนาม (Noun)",
        "meaning": "ผัดไทย",
        "jlpt": "N5"
    },
    {
        "vocab": "トムヤムクン",
        "hiragana": "トムヤムクン",
        "type": "คำนาม (Noun)",
        "meaning": "ต้มยำกุ้ง",
        "jlpt": "N5"
    },
    {
        "vocab": "くだもの",
        "hiragana": "くだもの",
        "type": "คำนาม (Noun)",
        "meaning": "ผลไม้",
        "jlpt": "N5"
    },
    {
        "vocab": "すいか",
        "hiragana": "すいか",
        "type": "คำนาม (Noun)",
        "meaning": "แตงโม",
        "jlpt": "N5"
    },
    {
        "vocab": "おんがく",
        "hiragana": "おんがく",
        "type": "คำนาม (Noun)",
        "meaning": "เพลง",
        "jlpt": "N5"
    },
    {
        "vocab": "ロック",
        "hiragana": "ロック",
        "type": "คำนาม (Noun)",
        "meaning": "เพลงร็อก",
        "jlpt": "N5"
    },
    {
        "vocab": "ポップス",
        "hiragana":  "ポップス",
        "type": "คำนาม (Noun)",
        "meaning": "เพลงป๊อป",
        "jlpt": "N5"
    },
    {
        "vocab": "スポーツ",
        "hiragana": "スポーツ",
        "type": "คำนาม (Noun)",
        "meaning": "กีฬา",
        "jlpt": "N5"
    },
    {
        "vocab": "バドミントン",
        "hiragana": "バドミントン",
        "type": "คำนาม (Noun)",
        "meaning": "แบดมินตัน",
        "jlpt": "N5"
    },
    {
        "vocab": "バスケットボール",
        "hiragana":  "バスケットボール",
        "type": "คำนาม (Noun)",
        "meaning": "บาสเกตบอล",
        "jlpt": "N5"
    },
    {
        "vocab": "アニメ",
        "hiragana": "アニメ",
        "type": "คำนาม (Noun)",
        "meaning": "ภาพยนตร์การ์ตูน\t(animation)",
        "jlpt": "N5"
    },
    {
        "vocab": "マンガ",
        "hiragana": "マンガ",
        "type": "คำนาม (Noun)",
        "meaning": "หนังสือการ์ตูน",
        "jlpt": "N4"
    },
    {
        "vocab": "とても",
        "hiragana":  "とても",
        "type": "คำวิเศษณ์ (Adverb)",
        "meaning": "มาก",
        "jlpt": "N5"
    },
    {
        "vocab": "あまり",
        "hiragana":  "あまり",
        "type": "คำวิเศษณ์ (Adverb)",
        "meaning": "ไม่ค่อยจะ...",
        "jlpt": "N5"
    },
    {
        "vocab": "ぜんぜん",
        "hiragana": "ぜんぜん",
        "type": "คำวิเศษณ์ (Adverb)",
        "meaning": "ไม่...เลย",
        "jlpt": "N3"
    },
    {
        "vocab": "ちょっと…",
        "hiragana": "ちょっと…",
        "type": "คำวิเศษณ์ (Adverb)",
        "meaning": "การตอบปฏิเสธแบบอ้อม ๆ",
        "jlpt": "N5"
    },
    {
        "vocab": "いっしょに",
        "hiragana": "いっしょに",
        "type": "วลี (Phrase)",
        "meaning": "...ด้วยกัน",
        "jlpt": "N5"
    },
    {
        "vocab": "もう",
        "hiragana": "もう",
        "type": "คำวิเศษณ์ (Adverb)",
        "meaning": "แล้ว",
        "jlpt": "N5"
    },
    {
        "vocab": "まだ",
        "hiragana": "まだ",
        "type": "คำวิเศษณ์ (Adverb)",
        "meaning": "ยัง",
        "jlpt": "N5"
    },
    {
        "vocab": "ひるごはん",
        "hiragana":  "ひるごはん",
        "type": "คำนาม (Noun)",
        "meaning": "อาหารกลางวัน",
        "jlpt": "N5"
    },
    {
        "vocab": "なつやすみ",
        "hiragana":  "なつやすみ",
        "type": "คำนาม (Noun)",
        "meaning": "วันหยุดฤดูร้อน",
        "jlpt": "N5"
    },
    {
        "vocab": "すし",
        "hiragana": "すし",
        "type": "คำนาม (Noun)",
        "meaning": "ซูชิ",
        "jlpt": "N5"
    },
    {
        "vocab": "ソムタム",
        "hiragana": "ソムタム",
        "type": "คำนาม (Noun)",
        "meaning": "ส้มตำ",
        "jlpt": "N5"
    },
    {
        "vocab": "ソンクラーン",
        "hiragana": "ソンクラーン",
        "type": "คำนาม (Noun)",
        "meaning": "เทศกาลสงกรานต์",
        "jlpt": "N5"
    },
    {
        "vocab": "プーケット",
        "hiragana":  "プーケット",
        "type": "คำนาม (Noun)",
        "meaning": "จังหวัดภูเก็ต",
        "jlpt": "N5"
    },
    {
        "vocab": "うみ",
        "hiragana": "うみ",
        "type": "คำนาม (Noun)",
        "meaning": "ทะเล",
        "jlpt": "N5"
    },
    {
        "vocab": "べんきょう",
        "hiragana": "べんきょう",
        "type": "คำนาม (Noun)",
        "meaning": "การเรียน",
        "jlpt": "N5"
    },
    { 
        "vocab":"やすみ",
        "hiragana": "やすみ",
        "type": "คำนาม (Noun)",
        "meaning": "วันหยุด, การหยุดพักผ่อน",
        "jlpt": "N5"
    },
    {
        "vocab": "おいしい",
        "hiragana":  "おいしい",
        "type": "คำคุณศัพท์\n(い-Adjective)",
        "meaning": "อร่อย",
        "jlpt": "N5"
    },
    {
        "vocab": "からい",
        "hiragana": "からい",
        "type": "คำคุณศัพท์\n(い-Adjective)",
        "meaning": "เผ็ด",
        "jlpt": "N5"
    },
    {
        "vocab": "あまい",
        "hiragana": "あまい",
        "type": "คำคุณศัพท์\n(い-Adjective)",
        "meaning": "หวาน",
        "jlpt": "N5"
    },
    {
        "vocab": "むずかしい",
        "hiragana":  "むずかしい",
        "type": "คำคุณศัพท์\n(い-Adjective)",
        "meaning": "ยาก",
        "jlpt": "N5"
    },
    {
        "vocab": "やさしい",
        "hiragana": "やさしい",
        "type": "คำคุณศัพท์\n(い-Adjective)",
        "meaning": "ง่าย",
        "jlpt": "N5"
    },
    {
        "vocab": "かんたん",
        "hiragana":  "かんたん",
        "type": "คำคุณศัพท์\n(な-Adjective)",
        "meaning": "ง่าย",
        "jlpt": "N5"
    },
    {
        "vocab": "いい",
        "hiragana":  "いい",
        "type": "คำคุณศัพท์\n(い-Adjective)",
        "meaning": "ดี",
        "jlpt": "N5"
    },
    {
        "vocab": "おおきい",
        "hiragana": "おおきい",
        "type": "คำคุณศัพท์\n(い-Adjective)",
        "meaning": "ใหญ่",
        "jlpt": "N5"
    },
    {
        "vocab": "ちいさい",
        "hiragana": "ちいさい",
        "type": "คำคุณศัพท์\n(い-Adjective)",
        "meaning": "เล็ก",
        "jlpt": "N5"
    },
    {
        "vocab": "おおい",
        "hiragana": "おおい",
        "type": "คำคุณศัพท์\n(い-Adjective)",
        "meaning": "มาก",
        "jlpt": "N5"
    },
    {
        "vocab": "すくない",
        "hiragana": "すくない",
        "type": "คำคุณศัพท์\n(い-Adjective)",
        "meaning": "น้อย",
        "jlpt": "N5"
    },
    {
        "vocab": "たかい",
        "hiragana": "たかい",
        "type": "คำคุณศัพท์\n(い-Adjective)",
        "meaning": "แพง, สูง",
        "jlpt": "N5"
    },
    {
        "vocab": "やすい",
        "hiragana":  "やすい",
        "type": "คำคุณศัพท์\n(い-Adjective)",
        "meaning": "ถูก",
        "jlpt": "N5"
    },
    {
        "vocab": "ちかい",
        "hiragana": "ちかい",
        "type": "คำคุณศัพท์\n(い-Adjective)",
        "meaning": "ใกล้",
        "jlpt": "N5"
    },
    {
        "vocab": "とおい",
        "hiragana": "とおい",
        "type": "คำคุณศัพท์\n(い-Adjective)",
        "meaning": "ไกล",
        "jlpt": "N5"
    },
    {
        "vocab": "はやい",
        "hiragana": "はやい",
        "type": "คำคุณศัพท์\n(い-Adjective)",
        "meaning": "เร็ว",
        "jlpt": "N5"
    },
    {
        "vocab": "おそい",
        "hiragana": "おそい",
        "type": "คำคุณศัพท์\n(い-Adjective)",
        "meaning": "ช้า",
        "jlpt": "N5"
    },
    {
        "vocab": "あたらしい",
        "hiragana":  "あたらしい",
        "type": "คำคุณศัพท์\n(い-Adjective)",
        "meaning": "ใหม่",
        "jlpt": "N5"
    },
    {
        "vocab": "ふるい",
        "hiragana": "ふるい",
        "type": "คำคุณศัพท์\n(い-Adjective)",
        "meaning": "เก่า",
        "jlpt": "N5"
    },
    {
        "vocab": "ひま",
        "hiragana":  "ひま",
        "type": "คำคุณศัพท์\n(な-Adjective)",
        "meaning": "ว่าง",
        "jlpt": "N5"
    },
    {
        "vocab": "いそがしい",
        "hiragana":  "いそがしい",
        "type": "คำคุณศัพท์\n(い-Adjective)",
        "meaning": "ยุ่ง",
        "jlpt": "N5"
    },
    {
        "vocab": "じょうず",
        "hiragana": "じょうず",
        "type": "คำคุณศัพท์\n(な-Adjective)",
        "meaning": "เก่ง",
        "jlpt": "N5"
    },
    {
        "vocab": "へた",
        "hiragana":  "へた",
        "type": "คำคุณศัพท์\n(な-Adjective)",
        "meaning": "ไม่เก่ง",
        "jlpt": "N5"
    },
    {
        "vocab": "しずか",
        "hiragana":  "しずか",
        "type": "คำคุณศัพท์\n(な-Adjective)",
        "meaning": "เงียบ, สงบ",
        "jlpt": "N5"
    },
    {
        "vocab": "にぎやか",
        "hiragana": "にぎやか",
        "type": "คำคุณศัพท์\n(な-Adjective)",
        "meaning": "ครึกครื้น",
        "jlpt": "N5"
    },
    {
        "vocab": "あつい",
        "hiragana": "あつい",
        "type": "คำคุณศัพท์\n(い-Adjective)",
        "meaning": "ร้อน",
        "jlpt": "N5"
    },
    {
        "vocab": "さむい",
        "hiragana":  "さむい",
        "type": "คำคุณศัพท์\n(い-Adjective)",
        "meaning": "หนาว",
        "jlpt": "N5"
    },
    {
        "vocab": "きれい",
        "hiragana": "きれい",
        "type": "คำคุณศัพท์\n(な-Adjective)",
        "meaning": "สวย, สะอาด",
        "jlpt": "N5"
    },
    {
        "vocab": "ハンサム",
        "hiragana": "ハンサム",
        "type": "คำคุณศัพท์\n(な-Adjective)",
        "meaning": "หล่อ",
        "jlpt": "N3"
    },
    {
        "vocab": "やさしい",
        "hiragana": "やさしい",
        "type": "คำคุณศัพท์\n(い-Adjective)",
        "meaning": "ใจดี",
        "jlpt": "N5"
    },
    {
        "vocab": "しんせつ",
        "hiragana": "しんせつ",
        "type": "คำคุณศัพท์\n(な-Adjective)",
        "meaning": "ใจดี, มีน้ำใจ",
        "jlpt": "N4"
    },
    {
        "vocab": "ゆうめい",
        "hiragana": "ゆうめい",
        "type": "คำคุณศัพท์\n(な-Adjective)",
        "meaning": "มีชื่อเสียง",
        "jlpt": "N5"
    },
    {
        "vocab": "げんき",
        "hiragana": "げんき",
        "type": "คำคุณศัพท์\n(な-Adjective)",
        "meaning": "แข็งแรง, สบายดี",
        "jlpt": "N5"
    },
    {
        "vocab": "たのしい",
        "hiragana": "たのしい",
        "type": "คำคุณศัพท์\n(い-Adjective)",
        "meaning": "สนุก",
        "jlpt": "N5"
    },
    {
        "vocab": "おもしろい",
        "hiragana": "おもしろい",
        "type": "คำคุณศัพท์\n(い-Adjective)",
        "meaning": "ตลก, น่าสนใจ",
        "jlpt": "N5"
    },
    {
        "vocab": "撮ります",
        "hiragana": "とります",
        "type": "คำกริยา (Verb 1)",
        "meaning": "ถ่าย (รูป, วีดีโอ)",
        "jlpt": "N5"
    }
]