[
    {
        "vocab": "会います",
        "hiragana": "あいます",
        "type": "คำกริยา (Verb)",
        "meaning": "พบ, เจอ",
        "jlpt": "N5"
    },
    {
        "vocab": "暖かい",
        "hiragana": "あたたかい",
        "type": "คำคุณศัพท์\n(い-Adjective)",
        "meaning": "อุ่น",
        "jlpt": "N5"
    },
    {
        "vocab": "泳ぎます",
        "hiragana": "およぎます",
        "type": "คำกริยา (Verb)",
        "meaning": "ว่ายน้ำ",
        "jlpt": "N5"
    },
    {
        "vocab": "外国人",
        "hiragana": "がいこくじん",
        "type": "คำนาม (Noun)",
        "meaning": "ชาวต่างชาติ",
        "jlpt": "N5"
    },
    {
        "vocab": "気をつけます",
        "hiragana": "きをつけます",
        "type": "คำกริยา (Verb)",
        "meaning": "ระวัง",
        "jlpt": "N5"
    },
    {
        "vocab": "元気",
        "hiragana": "げんき",
        "type": "คำคุณศัพท์\n(な-Adjective)",
        "meaning": "สบายดี, แข็งแรง",
        "jlpt": "N5"
    },
    {
        "vocab": "写します",
        "hiragana": "うつします",
        "type": "คำกริยา (Verb)",
        "meaning": "ลอก (การบ้าน)",
        "jlpt": "N5"
    },
    {
        "vocab": "実家",
        "hiragana": "じっか",
        "type": "คำนาม (Noun)",
        "meaning": "บ้านเกิด",
        "jlpt": "N5"
    },
    {
        "vocab": "週末",
        "hiragana": "しゅうまつ",
        "type": "คำนาม (Noun)",
        "meaning": "สุดสัปดาห์",
        "jlpt": "N5"
    },
    {
        "vocab": "出身",
        "hiragana": "しゅっしん",
        "type": "คำนาม (Noun)",
        "meaning": "ถิ่นเกิด, เมืองเกิด",
        "jlpt": "N5"
    },
    {
        "vocab": "ダイビング",
        "hiragana": "だいびんぐ",
        "type": "คำนาม (Noun)",
        "meaning": "การดำน้ำ",
        "jlpt": "N5"
    },
    {
        "vocab": "台風",
        "hiragana": "たいふう",
        "type": "คำนาม (Noun)",
        "meaning": "พายุใต้ฝุ่น",
        "jlpt": "N5"
    },
    {
        "vocab": "出します",
        "hiragana": "だします",
        "type": "คำกริยา (Verb)",
        "meaning": "ส่ง(การบ้าน, งาน)",
        "jlpt": "N5"
    },
    {
        "vocab": "遅刻します",
        "hiragana": "ちこくします",
        "type": "คำกริยา (Verb)",
        "meaning": "มาสาย",
        "jlpt": "N5"
    },
    {
        "vocab": "乗ります",
        "hiragana": "のります",
        "type": "คำกริยา (Verb)",
        "meaning": "ขี่, ขึ้น (ยานพาหนะ)",
        "jlpt": "N5"
    },
    {
        "vocab": "（お）久しぶりです",
        "hiragana": "ひさしぶり",
        "type": "วลี (Phrase)",
        "meaning": "ไม่ได้เจอกันนาน",
        "jlpt": "N5"
    },
    {
        "vocab": "びっくりします",
        "hiragana": "びっくりします",
        "type": "คำกริยา (Verb)",
        "meaning": "ตกใจ",
        "jlpt": "N5"
    },
    {
        "vocab": "町",
        "hiragana": "まち",
        "type": "คำนาม (Noun)",
        "meaning": "เมือง",
        "jlpt": "N5"
    },
    {
        "vocab": "約束",
        "hiragana": "やくそく",
        "type": "คำนาม (Noun)",
        "meaning": "การนัดหมาย",
        "jlpt": "N5"
    },
    {
        "vocab": "休み",
        "hiragana": "やすみ",
        "type": "คำนาม (Noun)",
        "meaning": "วันหยุด",
        "jlpt": "N5"
    },
    {
        "vocab": "忘れます",
        "hiragana": "わすれます",
        "type": "คำกริยา (Verb)",
        "meaning": "ลืม",
        "jlpt": "N5"
    },
    {
        "vocab": "イベント",
        "hiragana": "いべんと",
        "type": "คำนาม (Noun)",
        "meaning": "อีเวนท์ (Event), งานกิจกรรม",
        "jlpt": "N5"
    },
    {
        "vocab": "今、いいですか",
        "hiragana": "いま、いいですか",
        "type": "วลี (Phrase)",
        "meaning": "ตอนนี้สะดวกไหม?",
        "jlpt": "N5"
    },
    {
        "vocab": "意味",
        "hiragana": "いみ",
        "type": "คำนาม (Noun)",
        "meaning": "ความหมาย",
        "jlpt": "N5"
    },
    {
        "vocab": "いらっしゃいます",
        "hiragana": "いらっしゃいます",
        "type": "คำกริยา (Verb)",
        "meaning": "ไป, มา, อยู่ (รูปยกย่อง)",
        "jlpt": "N5"
    },
    {
        "vocab": "売ります",
        "hiragana": "うります",
        "type": "คำกริยา (Verb)",
        "meaning": "ขาย",
        "jlpt": "N5"
    },
    {
        "vocab": "お願いします",
        "hiragana": "おねがいします",
        "type": "คำกริยา (Verb)",
        "meaning": "รบกวน, ขอความกรุณา",
        "jlpt": "N5"
    },
    {
        "vocab": "返します",
        "hiragana": "かえします",
        "type": "คำกริยา (Verb)",
        "meaning": "คืน",
        "jlpt": "N5"
    },
    {
        "vocab": "（に）確認します",
        "hiragana": "かくにんします",
        "type": "คำกริยา (Verb)",
        "meaning": "ยืนยัน",
        "jlpt": "N5"
    },
    {
        "vocab": "歌詞",
        "hiragana": "かし",
        "type": "คำนาม (Noun)",
        "meaning": "เนื้อเพลง",
        "jlpt": "N5"
    },
    {
        "vocab": "貸します",
        "hiragana": "かします",
        "type": "คำกริยา (Verb)",
        "meaning": "ให้ยืม",
        "jlpt": "N5"
    },
    {
        "vocab": "＿方",
        "hiragana": "かた",
        "type": "คำนาม (Noun)",
        "meaning": "วิธี_",
        "jlpt": "N5"
    },
    {
        "vocab": "考えます",
        "hiragana": "かんがえます",
        "type": "คำกริยา (Verb)",
        "meaning": "คิด",
        "jlpt": "N5"
    },
    {
        "vocab": "（に）聞きます",
        "hiragana": "ききます",
        "type": "คำกริยา (Verb)",
        "meaning": "ถาม (คน)",
        "jlpt": "N5"
    },
    {
        "vocab": "教科書",
        "hiragana": "きょうかしょ",
        "type": "คำนาม (Noun)",
        "meaning": "ตำราเรียน",
        "jlpt": "N5"
    },
    {
        "vocab": "消します",
        "hiragana": "けします",
        "type": "คำกริยา (Verb)",
        "meaning": "ลบ,ดับ(ไฟ),ปิด(ไฟ)",
        "jlpt": "N5"
    },
    {
        "vocab": "コンテスト",
        "hiragana": "こんてすと",
        "type": "คำนาม (Noun)",
        "meaning": "การประกวด (Contest)",
        "jlpt": "N5"
    },
    {
        "vocab": "サインします",
        "hiragana": "さいんします",
        "type": "คำกริยา (Verb)",
        "meaning": "เซ็นชื่อ",
        "jlpt": "N5"
    },
    {
        "vocab": "（に）参加します",
        "hiragana": "さんかします",
        "type": "คำกริยา (Verb)",
        "meaning": "เข้าร่วม (งาน)",
        "jlpt": "N5"
    },
    {
        "vocab": "質問",
        "hiragana": "しつもん",
        "type": "คำนาม (Noun)",
        "meaning": "คำถาม",
        "jlpt": "N5"
    },
    {
        "vocab": "準備",
        "hiragana": "じゅんび",
        "type": "คำนาม (Noun)",
        "meaning": "การเตรียม",
        "jlpt": "N5"
    },
    {
        "vocab": "スクリプト",
        "hiragana": "すくりぷと",
        "type": "คำนาม (Noun)",
        "meaning": "บทพูด (Script)",
        "jlpt": "N5"
    },
    {
        "vocab": "スピーチ",
        "hiragana": "すぴーち",
        "type": "คำนาม (Noun)",
        "meaning": "การพูดสุนทรพจน์ (Speech)",
        "jlpt": "N5"
    },
    {
        "vocab": "スライド",
        "hiragana": "すらいど",
        "type": "คำนาม (Noun)",
        "meaning": "สไลด์ (Slide)",
        "jlpt": "N5"
    },
    {
        "vocab": "相談します",
        "hiragana": "そうだんします",
        "type": "คำกริยา (Verb)",
        "meaning": "ปรึกษา",
        "jlpt": "N5"
    },
    {
        "vocab": "大切",
        "hiragana": "たいせつ",
        "type": "คำคุณศัพท์\n(な-Adjective)",
        "meaning": "สำคัญ",
        "jlpt": "N5"
    },
    {
        "vocab": "チェック",
        "hiragana": "ちぇっく",
        "type": "คำนาม (Noun)",
        "meaning": "การตรวจ (Check)",
        "jlpt": "N5"
    },
    {
        "vocab": "チケット",
        "hiragana": "ちけっと",
        "type": "คำนาม (Noun)",
        "meaning": "ตั๋ว (Ticket)",
        "jlpt": "N5"
    },
    {
        "vocab": "手伝います",
        "hiragana": "てつだいます",
        "type": "คำกริยา (Verb)",
        "meaning": "ช่วยเหลือ",
        "jlpt": "N5"
    },
    {
        "vocab": "（に）出ます",
        "hiragana": "でます",
        "type": "คำกริยา (Verb)",
        "meaning": "เข้าร่วม (งาน)",
        "jlpt": "N5"
    },
    {
        "vocab": "どうしたんですか",
        "hiragana": "どうしたんですか",
        "type": "วลี (Phrase)",
        "meaning": "เป็นอะไรหรือเปล่า?",
        "jlpt": "N5"
    },
    {
        "vocab": "発音",
        "hiragana": "はつおん",
        "type": "คำนาม (Noun)",
        "meaning": "การออกเสียง",
        "jlpt": "N5"
    },
    {
        "vocab": "発表します",
        "hiragana": "はっぴょうします",
        "type": "คำกริยา (Verb)",
        "meaning": "นำเสนอ",
        "jlpt": "N5"
    },
    {
        "vocab": "文法",
        "hiragana": "ぶんぽう",
        "type": "คำนาม (Noun)",
        "meaning": "ไวยากรณ์",
        "jlpt": "N5"
    },
    {
        "vocab": "ポップコーン",
        "hiragana": "ぽっぷこーん",
        "type": "คำนาม (Noun)",
        "meaning": "ข้าวโพดคั่ว (Popcorn)",
        "jlpt": "N5"
    },
    {
        "vocab": "翻訳します",
        "hiragana": "ほんやくします",
        "type": "คำกริยา (Verb)",
        "meaning": "แปล",
        "jlpt": "N5"
    },
    {
        "vocab": "見せます",
        "hiragana": "みせます",
        "type": "คำกริยา (Verb)",
        "meaning": "ให้ดู",
        "jlpt": "N5"
    },
    {
        "vocab": "浴衣",
        "hiragana": "ゆかた",
        "type": "คำนาม (Noun)",
        "meaning": "ชุดยูกาตะ",
        "jlpt": "N5"
    },
    {
        "vocab": "予約します",
        "hiragana": "よやくします",
        "type": "คำกริยา (Verb)",
        "meaning": "จอง",
        "jlpt": "N5"
    },
    {
        "vocab": "練習します",
        "hiragana": "れんしゅうします",
        "type": "คำกริยา (Verb)",
        "meaning": "ฝึกฝน",
        "jlpt": "N5"
    },
    {
        "vocab": "青い",
        "hiragana": "あおい",
        "type": "คำคุณศัพท์\n(い-Adjective)",
        "meaning": "สีน้ำเงิน(คำคุณศัพท์)",
        "jlpt": "N5"
    },
    {
        "vocab": "赤い",
        "hiragana": "あかい",
        "type": "คำคุณศัพท์\n(い-Adjective)",
        "meaning": "สีแดง(คำคุณศัพท์)",
        "jlpt": "N5"
    },
    {
        "vocab": "あまい",
        "hiragana": "あまい",
        "type": "คำคุณศัพท์\n(い-Adjective)",
        "meaning": "หวาน",
        "jlpt": "N5"
    },
    {
        "vocab": "色",
        "hiragana": "いろ",
        "type": "คำนาม (Noun)",
        "meaning": "สี",
        "jlpt": "N5"
    },
    {
        "vocab": "男",
        "hiragana": "おとこ",
        "type": "คำนาม (Noun)",
        "meaning": "ผู้ชาย",
        "jlpt": "N5"
    },
    {
        "vocab": "お参りします",
        "hiragana": "おまいりします",
        "type": "คำกริยา (Verb)",
        "meaning": "ไหว้พระ",
        "jlpt": "N5"
    },
    {
        "vocab": "（お）祭り",
        "hiragana": "おまつり",
        "type": "คำนาม (Noun)",
        "meaning": "งานเทศกาล",
        "jlpt": "N5"
    },
    {
        "vocab": "お見舞い",
        "hiragana": "おみまい",
        "type": "คำนาม (Noun)",
        "meaning": "การเยี่ยมไข้, การเยี่ยมผู้ป่วย",
        "jlpt": "N5"
    },
    {
        "vocab": "女",
        "hiragana": "おんな",
        "type": "คำนาม (Noun)",
        "meaning": "ผู้หญิง",
        "jlpt": "N5"
    },
    {
        "vocab": "（めがねを）かけます",
        "hiragana": "かけます",
        "type": "คำกริยา (Verb)",
        "meaning": "สวม, ใส่ (แว่นตา)",
        "jlpt": "N5"
    },
    {
        "vocab": "（ぼうしを）かぶります",
        "hiragana": "かぶります",
        "type": "คำกริยา (Verb)",
        "meaning": "สวม, ใส่ (หมวก)",
        "jlpt": "N5"
    },
    {
        "vocab": "からい",
        "hiragana": "からい",
        "type": "คำคุณศัพท์\n(い-Adjective)",
        "meaning": "เผ็ด",
        "jlpt": "N5"
    },
    {
        "vocab": "黄色い",
        "hiragana": "きいろい",
        "type": "คำคุณศัพท์\n(い-Adjective)",
        "meaning": "สีเหลือง(คำคุณศัพท์)",
        "jlpt": "N5"
    },
    {
        "vocab": "着ます",
        "hiragana": "きます",
        "type": "คำกริยา (Verb)",
        "meaning": "สวม, ใส่ (เสื้อผ้าท่อนบน)",
        "jlpt": "N5"
    },
    {
        "vocab": "くつ",
        "hiragana": "くつ",
        "type": "คำนาม (Noun)",
        "meaning": "รองเท้า",
        "jlpt": "N5"
    },
    {
        "vocab": "黒い",
        "hiragana": "くろい",
        "type": "คำคุณศัพท์\n(い-Adjective)",
        "meaning": "สีดำ(คำคุณศัพท์)",
        "jlpt": "N5"
    },
    {
        "vocab": "シャツ",
        "hiragana": "しゃつ",
        "type": "คำนาม (Noun)",
        "meaning": "เสื้อเชิ้ต",
        "jlpt": "N5"
    },
    {
        "vocab": "しょっぱい",
        "hiragana": "しょっぱい",
        "type": "คำคุณศัพท์\n(い-Adjective)",
        "meaning": "เค็ม",
        "jlpt": "N5"
    },
    {
        "vocab": "白い",
        "hiragana": "しろい",
        "type": "คำคุณศัพท์\n(い-Adjective)",
        "meaning": "สีขาว(คำคุณศัพท์)",
        "jlpt": "N5"
    },
    {
        "vocab": "スーツ",
        "hiragana": "すーつ",
        "type": "คำนาม (Noun)",
        "meaning": "เสื้อสูท",
        "jlpt": "N5"
    },
    {
        "vocab": "スカート",
        "hiragana": "すかーと",
        "type": "คำนาม (Noun)",
        "meaning": "กระโปรง",
        "jlpt": "N5"
    },
    {
        "vocab": "すっぱい",
        "hiragana": "すっぱい",
        "type": "คำคุณศัพท์\n(い-Adjective)",
        "meaning": "เปรี้ยว",
        "jlpt": "N5"
    },
    {
        "vocab": "ズボン",
        "hiragana": "ずぼん",
        "type": "คำนาม (Noun)",
        "meaning": "กางเกง",
        "jlpt": "N5"
    },
    {
        "vocab": "制服",
        "hiragana": "せいふく",
        "type": "คำนาม (Noun)",
        "meaning": "ชุดเครื่องแบบ",
        "jlpt": "N5"
    },
    {
        "vocab": "ソーセージ",
        "hiragana": "そーせーじ",
        "type": "คำนาม (Noun)",
        "meaning": "ไส้กรอก",
        "jlpt": "N5"
    },
    {
        "vocab": "建物",
        "hiragana": "たてもの",
        "type": "คำนาม (Noun)",
        "meaning": "อาคาร, ตึก",
        "jlpt": "N5"
    },
    {
        "vocab": "します",
        "hiragana": "します",
        "type": "คำกริยา (Verb)",
        "meaning": "สวม, ใส่ (เครื่องประดับ)",
        "jlpt": "N5"
    },
    {
        "vocab": "ティッシュ",
        "hiragana": "てぃっしゅ",
        "type": "คำนาม (Noun)",
        "meaning": "กระดาษทิชชู่",
        "jlpt": "N5"
    },
    {
        "vocab": "どのN",
        "hiragana": "どのN",
        "type": "คำแสดงคำถาม (Question word)",
        "meaning": "Nไหน?",
        "jlpt": "N5"
    },
    {
        "vocab": "ドラマ",
        "hiragana": "どらま",
        "type": "คำนาม (Noun)",
        "meaning": "ซีรีย์, ละคร",
        "jlpt": "N5"
    },
    {
        "vocab": "取ります",
        "hiragana": "とります",
        "type": "คำกริยา (Verb)",
        "meaning": "หยิบ, เอา",
        "jlpt": "N5"
    },
    {
        "vocab": "にがい",
        "hiragana": "にがい",
        "type": "คำคุณศัพท์\n(い-Adjective)",
        "meaning": "ขม",
        "jlpt": "N5"
    },
    {
        "vocab": "はきます",
        "hiragana": "はきます",
        "type": "คำกริยา (Verb)",
        "meaning": "สวม, ใส่ (กางเกง, กระโปรง, รองเท้า)",
        "jlpt": "N5"
    },
    {
        "vocab": "ピアス",
        "hiragana": "ぴあす",
        "type": "คำนาม (Noun)",
        "meaning": "ต่างหู",
        "jlpt": "N5"
    },
    {
        "vocab": "ピンク（のN）",
        "hiragana": "ぴんく",
        "type": "คำนาม (Noun)",
        "meaning": "...สีชมพู",
        "jlpt": "N5"
    },
    {
        "vocab": "ぼうし",
        "hiragana": "ぼうし",
        "type": "คำนาม (Noun)",
        "meaning": "หมวก",
        "jlpt": "N5"
    },
    {
        "vocab": "見送ります",
        "hiragana": "みおくります",
        "type": "คำกริยา (Verb)",
        "meaning": "ไปส่ง(คนที่จะออกเดินทาง)",
        "jlpt": "N5"
    },
    {
        "vocab": "緑（のN）",
        "hiragana": "みどり（のN）",
        "type": "คำนาม (Noun)",
        "meaning": "...สีเขียว",
        "jlpt": "N5"
    },
    {
        "vocab": "迎えます",
        "hiragana": "むかえます",
        "type": "คำกริยา (Verb)",
        "meaning": "รับ(คน)",
        "jlpt": "N5"
    },
    {
        "vocab": "めがね",
        "hiragana": "めがね",
        "type": "คำนาม (Noun)",
        "meaning": "แว่นตา",
        "jlpt": "N5"
    },
    {
        "vocab": "遊園地",
        "hiragana": "ゆうえんち",
        "type": "คำนาม (Noun)",
        "meaning": "สวนสนุก",
        "jlpt": "N5"
    },
    {
        "vocab": "指輪",
        "hiragana": "ゆびわ",
        "type": "คำนาม (Noun)",
        "meaning": "แหวน",
        "jlpt": "N5"
    },
    {
        "vocab": "留学",
        "hiragana": "りゅうがく",
        "type": "คำนาม (Noun)",
        "meaning": "การศึกษาต่อต่างประเทศ",
        "jlpt": "N5"
    },
    {
        "vocab": "ワンピース",
        "hiragana": "わんぴーす",
        "type": "คำนาม (Noun)",
        "meaning": "ชุดเดรส",
        "jlpt": "N5"
    },
    {
        "vocab": "...以上",
        "hiragana": "いじょう",
        "type": "คำนาม (Noun)",
        "meaning": "มากกว่า, เกินกว่า",
        "jlpt": "N5"
    },
    {
        "vocab": "インターンシップ",
        "hiragana": "いんたーんしっぷ",
        "type": "คำนาม (Noun)",
        "meaning": "การฝึกงาน",
        "jlpt": "N5"
    },
    {
        "vocab": "選びます",
        "hiragana": "えらびます",
        "type": "คำกริยา (Verb)",
        "meaning": "เลือก",
        "jlpt": "N5"
    },
    {
        "vocab": "温泉",
        "hiragana": "おんせん",
        "type": "คำนาม (Noun)",
        "meaning": "น้ำพุร้อน",
        "jlpt": "N5"
    },
    {
        "vocab": "会話",
        "hiragana": "かいわ",
        "type": "คำนาม (Noun)",
        "meaning": "บทสนทนา, การสนทนา",
        "jlpt": "N5"
    },
    {
        "vocab": "＿か月",
        "hiragana": "かげつ",
        "type": "คำนาม (Noun)",
        "meaning": "_เดือน",
        "jlpt": "N5"
    },
    {
        "vocab": "学期",
        "hiragana": "がっき",
        "type": "คำนาม (Noun)",
        "meaning": "ภาคการศึกษา",
        "jlpt": "N5"
    },
    {
        "vocab": "期間",
        "hiragana": "きかん",
        "type": "คำนาม (Noun)",
        "meaning": "ช่วงเวลา",
        "jlpt": "N5"
    },
    {
        "vocab": "決めます",
        "hiragana": "きめます",
        "type": "คำกริยา (Verb)",
        "meaning": "ตัดสินใจ",
        "jlpt": "N5"
    },
    {
        "vocab": "着物",
        "hiragana": "きもの",
        "type": "คำนาม (Noun)",
        "meaning": "ชุดกิโมโน",
        "jlpt": "N5"
    },
    {
        "vocab": "行事",
        "hiragana": "ぎょうじ",
        "type": "คำนาม (Noun)",
        "meaning": "งาน, พิธี",
        "jlpt": "N5"
    },
    {
        "vocab": "空気",
        "hiragana": "くうき",
        "type": "คำนาม (Noun)",
        "meaning": "อากาศ(ที่ใช้หายใจ)",
        "jlpt": "N5"
    },
    {
        "vocab": "...くらい",
        "hiragana": "くらい",
        "type": "(Particle)",
        "meaning": "ประมาณ...",
        "jlpt": "N5"
    },
    {
        "vocab": "見学",
        "hiragana": "けんがく",
        "type": "คำนาม (Noun)",
        "meaning": "การทัศนศึกษา, การไปดูงาน",
        "jlpt": "N5"
    },
    {
        "vocab": "コース",
        "hiragana": "こーす",
        "type": "คำนาม (Noun)",
        "meaning": "คอร์สเรียน, หลักสูตร",
        "jlpt": "N5"
    },
    {
        "vocab": "交流会",
        "hiragana": "こうりゅうかい",
        "type": "คำนาม (Noun)",
        "meaning": "งานเลี้ยงแลกเปลี่ยน",
        "jlpt": "N5"
    },
    {
        "vocab": "交流します",
        "hiragana": "こうりゅうします",
        "type": "คำกริยา (Verb)",
        "meaning": "แลกเปลี่ยน (วัฒนธรรม)",
        "jlpt": "N5"
    },
    {
        "vocab": "コンビニ",
        "hiragana": "こんびに",
        "type": "คำนาม (Noun)",
        "meaning": "ร้านสะดวกซื้อ",
        "jlpt": "N5"
    },
    {
        "vocab": "サークル",
        "hiragana": "さーくる",
        "type": "คำนาม (Noun)",
        "meaning": "ชมรม",
        "jlpt": "N5"
    },
    {
        "vocab": "作文",
        "hiragana": "さくぶん",
        "type": "คำนาม (Noun)",
        "meaning": "เรียงความ",
        "jlpt": "N5"
    },
    {
        "vocab": "資格",
        "hiragana": "しかく",
        "type": "คำนาม (Noun)",
        "meaning": "คุณสมบัติ, คุณวุฒิ",
        "jlpt": "N5"
    },
    {
        "vocab": "時間割",
        "hiragana": "じかんわり",
        "type": "คำนาม (Noun)",
        "meaning": "ตารางเรียน, ตารางเวลา",
        "jlpt": "N5"
    },
    {
        "vocab": "自然",
        "hiragana": "しぜん",
        "type": "คำนาม (Noun)",
        "meaning": "ธรรมชาติ",
        "jlpt": "N5"
    },
    {
        "vocab": "自由",
        "hiragana": "じゆう",
        "type": "คำนาม (Noun)",
        "meaning": "อิสระ",
        "jlpt": "N5"
    },
    {
        "vocab": "授業料",
        "hiragana": "じゅぎょうりょう",
        "type": "คำนาม (Noun)",
        "meaning": "ค่าเรียน ",
        "jlpt": "N5"
    },
    {
        "vocab": "奨学金",
        "hiragana": "しょうがくきん",
        "type": "คำนาม (Noun)",
        "meaning": "ทุนการศึกษา",
        "jlpt": "N5"
    },
    {
        "vocab": "上級",
        "hiragana": "じょうきゅう",
        "type": "คำนาม (Noun)",
        "meaning": "ระดับสูง, ชั้นสูง",
        "jlpt": "N5"
    },
    {
        "vocab": "初級",
        "hiragana": "しょきゅう",
        "type": "คำนาม (Noun)",
        "meaning": "ระดับต้น, ชั้นต้น",
        "jlpt": "N5"
    },
    {
        "vocab": "人口",
        "hiragana": "じんこう",
        "type": "คำนาม (Noun)",
        "meaning": "ประชากร",
        "jlpt": "N5"
    },
    {
        "vocab": "生活費",
        "hiragana": "せいかつひ",
        "type": "คำนาม (Noun)",
        "meaning": "ค่าครองชีพ",
        "jlpt": "N5"
    },
    {
        "vocab": "体験",
        "hiragana": "たいけん",
        "type": "คำนาม (Noun)",
        "meaning": "การสัมผัสประสบการณ์",
        "jlpt": "N5"
    },
    {
        "vocab": "大丈夫",
        "hiragana": "だいじょうぶ",
        "type": "คำนาม (Noun)",
        "meaning": "ไม่เป็นไร, ไม่มีปัญหา",
        "jlpt": "N5"
    },
    {
        "vocab": "短期",
        "hiragana": "たんき",
        "type": "คำนาม (Noun)",
        "meaning": "ระยะสั้น",
        "jlpt": "N5"
    },
    {
        "vocab": "中級",
        "hiragana": "ちゅうきゅう",
        "type": "คำนาม (Noun)",
        "meaning": "ระดับกลาง, ชั้นกลาง",
        "jlpt": "N5"
    },
    {
        "vocab": "長期",
        "hiragana": "ちょうき",
        "type": "คำนาม (Noun)",
        "meaning": "ระยะยาว",
        "jlpt": "N5"
    },
    {
        "vocab": "チラシ",
        "hiragana": "ちらし",
        "type": "คำนาม (Noun)",
        "meaning": "ใบปลิว",
        "jlpt": "N5"
    },
    {
        "vocab": "読解",
        "hiragana": "どっかい",
        "type": "คำนาม (Noun)",
        "meaning": "การอ่านเพื่อความเข้าใจ",
        "jlpt": "N5"
    },
    {
        "vocab": "飲み会",
        "hiragana": "のみかい",
        "type": "คำนาม (Noun)",
        "meaning": "งานเลี้ยงสังสรรค์ (กิน, ดื่ม)",
        "jlpt": "N5"
    },
    {
        "vocab": "働きます",
        "hiragana": "はたらきます",
        "type": "คำกริยา (Verb)",
        "meaning": "ทำงาน",
        "jlpt": "N5"
    },
    {
        "vocab": "費用",
        "hiragana": "ひよう",
        "type": "คำนาม (Noun)",
        "meaning": "ค่าใช้จ่าย",
        "jlpt": "N5"
    },
    {
        "vocab": "不便な",
        "hiragana": "ふべんな",
        "type": "คำคุณศัพท์\n(な-Adjective)",
        "meaning": "ไม่สะดวก",
        "jlpt": "N5"
    },
    {
        "vocab": "プログラム",
        "hiragana": "ぷろぐらむ",
        "type": "คำนาม (Noun)",
        "meaning": "โปรแกรม (Program)",
        "jlpt": "N5"
    },
    {
        "vocab": "文化",
        "hiragana": "ぶんか",
        "type": "คำนาม (Noun)",
        "meaning": "วัฒนธรรม",
        "jlpt": "N5"
    },
    {
        "vocab": "保険",
        "hiragana": "ほけん",
        "type": "คำนาม (Noun)",
        "meaning": "ประกัน",
        "jlpt": "N5"
    },
    {
        "vocab": "約...",
        "hiragana": "やく",
        "type": "คำวิเศษณ์ (Adverb)",
        "meaning": "ประมาณ, เฉลี่ย",
        "jlpt": "N5"
    },
    {
        "vocab": "家賃",
        "hiragana": "やちん",
        "type": "คำนาม (Noun)",
        "meaning": "ค่าเช่าบ้าน",
        "jlpt": "N5"
    },
    {
        "vocab": "寮",
        "hiragana": "りょう",
        "type": "คำนาม (Noun)",
        "meaning": "หอพัก",
        "jlpt": "N5"
    },
    {
        "vocab": "受けます",
        "hiragana": "うけます",
        "type": "คำกริยา (Verb)",
        "meaning": "เข้าสอบ",
        "jlpt": "N5"
    },
    {
        "vocab": "お城",
        "hiragana": "おしろ",
        "type": "คำนาม (Noun)",
        "meaning": "ปราสาท",
        "jlpt": "N5"
    },
    {
        "vocab": "温泉",
        "hiragana": "おんせん",
        "type": "คำนาม (Noun)",
        "meaning": "ออนเซ็น, น้ำพุร้อน",
        "jlpt": "N5"
    },
    {
        "vocab": "カップラーメン",
        "hiragana": "かっぷらーめん",
        "type": "คำนาม (Noun)",
        "meaning": "บะหมี่กึ่งสำเร็จรูปแบบถ้วย",
        "jlpt": "N5"
    },
    {
        "vocab": "頑張ります",
        "hiragana": "がんばります",
        "type": "คำกริยา (Verb)",
        "meaning": "พยายาม",
        "jlpt": "N5"
    },
    {
        "vocab": "経営学",
        "hiragana": "けいえいがく",
        "type": "คำนาม (Noun)",
        "meaning": "(วิชา) บริหารธุรกิจ",
        "jlpt": "N5"
    },
    {
        "vocab": "計画",
        "hiragana": "けいかく",
        "type": "คำนาม (Noun)",
        "meaning": "แผน, แผนการ",
        "jlpt": "N5"
    },
    {
        "vocab": "健康",
        "hiragana": "けんこう",
        "type": "คำนาม (Noun)",
        "meaning": "สุขภาพ",
        "jlpt": "N5"
    },
    {
        "vocab": "合格します",
        "hiragana": "ごうかくします",
        "type": "คำกริยา (Verb)",
        "meaning": "สอบผ่าน",
        "jlpt": "N5"
    },
    {
        "vocab": "国際経営",
        "hiragana": "こくさいけいえい",
        "type": "คำนาม (Noun)",
        "meaning": "การบริหารธุรกิจระหว่างประเทศ",
        "jlpt": "N5"
    },
    {
        "vocab": "自動車",
        "hiragana": "じどうしゃ",
        "type": "คำนาม (Noun)",
        "meaning": "รถยนต์",
        "jlpt": "N5"
    },
    {
        "vocab": "自動車工学",
        "hiragana": "じどうしゃこうがく",
        "type": "คำนาม (Noun)",
        "meaning": "(วิชา) วิศวกรรมยานยนต์",
        "jlpt": "N5"
    },
    {
        "vocab": "授業料",
        "hiragana": "じゅぎょうりょう",
        "type": "คำนาม (Noun)",
        "meaning": "ค่าเล่าเรียน",
        "jlpt": "N5"
    },
    {
        "vocab": "出家します",
        "hiragana": "しゅっけします",
        "type": "คำกริยา (Verb)",
        "meaning": "บวช",
        "jlpt": "N5"
    },
    {
        "vocab": "将来",
        "hiragana": "しょうらい",
        "type": "คำนาม (Noun)",
        "meaning": "อนาคต",
        "jlpt": "N5"
    },
    {
        "vocab": "新幹線",
        "hiragana": "しんかんせん",
        "type": "คำนาม (Noun)",
        "meaning": "รถไฟชินคันเซ็น",
        "jlpt": "N5"
    },
    {
        "vocab": "スキー",
        "hiragana": "すきー",
        "type": "คำนาม (Noun)",
        "meaning": "การเล่นสกี",
        "jlpt": "N5"
    },
    {
        "vocab": "貯金します",
        "hiragana": "ちょきんします",
        "type": "คำกริยา (Verb)",
        "meaning": "เก็บเงิน",
        "jlpt": "N5"
    },
    {
        "vocab": "...について",
        "hiragana": "について",
        "type": "Expressions (phrases, clauses, etc.)",
        "meaning": "เกี่ยวกับ...",
        "jlpt": "N5"
    },
    {
        "vocab": "...についてのN",
        "hiragana": "についてのN",
        "type": "Expressions (phrases, clauses, etc.)",
        "meaning": "N ที่เกี่ยวกับ...",
        "jlpt": "N5"
    },
    {
        "vocab": "日本酒",
        "hiragana": "にほんしゅ",
        "type": "คำนาม (Noun)",
        "meaning": "เหล้าญี่ปุ่น",
        "jlpt": "N5"
    },
    {
        "vocab": "忍者",
        "hiragana": "にんじゃ",
        "type": "คำนาม (Noun)",
        "meaning": "นินจา",
        "jlpt": "N5"
    },
    {
        "vocab": "登ります",
        "hiragana": "のぼります",
        "type": "คำกริยา (Verb)",
        "meaning": "ปีน",
        "jlpt": "N5"
    },
    {
        "vocab": "パスポート",
        "hiragana": "ぱすぽーと",
        "type": "คำนาม (Noun)",
        "meaning": "หนังสือเดินทาง (Pasport)",
        "jlpt": "N5"
    },
    {
        "vocab": "花見",
        "hiragana": "はなみ",
        "type": "คำนาม (Noun)",
        "meaning": "การชมดอกซากุระ",
        "jlpt": "N5"
    },
    {
        "vocab": "払います",
        "hiragana": "はらいます",
        "type": "คำกริยา (Verb)",
        "meaning": "จ่าย (เงิน)",
        "jlpt": "N5"
    },
    {
        "vocab": "秘書",
        "hiragana": "ひしょ",
        "type": "คำนาม (Noun)",
        "meaning": "เลขานุการ",
        "jlpt": "N5"
    },
    {
        "vocab": "富士山",
        "hiragana": "ふじさん",
        "type": "คำนาม (Noun)",
        "meaning": "ภูเขาไฟฟูจิ",
        "jlpt": "N5"
    },
    {
        "vocab": "編集します",
        "hiragana": "へんしゅうします",
        "type": "คำกริยา (Verb)",
        "meaning": "ตัดต่อ",
        "jlpt": "N5"
    },
    {
        "vocab": "面接",
        "hiragana": "めんせつ",
        "type": "คำนาม (Noun)",
        "meaning": "การสัมภาษณ์",
        "jlpt": "N5"
    },
    {
        "vocab": "目的",
        "hiragana": "もくてき",
        "type": "คำนาม (Noun)",
        "meaning": "จุดประสงค์",
        "jlpt": "N5"
    },
    {
        "vocab": "もっと",
        "hiragana": "もっと",
        "type": "คำวิเศษณ์ (Adverb)",
        "meaning": "...ขึ้นอีก",
        "jlpt": "N5"
    },
    {
        "vocab": "予定",
        "hiragana": "よてい",
        "type": "คำนาม (Noun)",
        "meaning": "กำหนดการ",
        "jlpt": "N5"
    },
    {
        "vocab": "予約します",
        "hiragana": "よやくします",
        "type": "คำกริยา (Verb)",
        "meaning": "จอง",
        "jlpt": "N5"
    },
    {
        "vocab": "理由",
        "hiragana": "りゆう",
        "type": "คำนาม (Noun)",
        "meaning": "เหตุผล",
        "jlpt": "N5"
    },
    {
        "vocab": "歴史",
        "hiragana": "れきし",
        "type": "คำนาม (Noun)",
        "meaning": "ประวัติศาสตร์",
        "jlpt": "N5"
    },
    {
        "vocab": "あいさつ",
        "hiragana": "あいさつ",
        "type": "คำนาม (Noun)",
        "meaning": "การทักทาย",
        "jlpt": "N5"
    },
    {
        "vocab": "アクセサリー",
        "hiragana": "あくせさりー",
        "type": "คำนาม (Noun)",
        "meaning": "เครื่องประดับ",
        "jlpt": "N5"
    },
    {
        "vocab": "いろいろな",
        "hiragana": "いろいろな",
        "type": "คำคุณศัพท์\n(な-Adjective)",
        "meaning": "...ต่าง ๆ",
        "jlpt": "N5"
    },
    {
        "vocab": "おじぎ",
        "hiragana": "おじぎ",
        "type": "คำนาม (Noun)",
        "meaning": "การโค้งคำนับ",
        "jlpt": "N5"
    },
    {
        "vocab": "おじぎします",
        "hiragana": "おじぎします",
        "type": "คำกริยา (Verb)",
        "meaning": "โค้งคำนับ",
        "jlpt": "N5"
    },
    {
        "vocab": "お礼",
        "hiragana": "おれい",
        "type": "คำนาม (Noun)",
        "meaning": "การขอบคุณ",
        "jlpt": "N5"
    },
    {
        "vocab": "学長",
        "hiragana": "がくちょう",
        "type": "คำนาม (Noun)",
        "meaning": "อธิการบดี",
        "jlpt": "N5"
    },
    {
        "vocab": "重ねます",
        "hiragana": "かさねます",
        "type": "คำกริยา (Verb)",
        "meaning": "เอาซ้อนกัน",
        "jlpt": "N5"
    },
    {
        "vocab": "緊張します",
        "hiragana": "きんちょうします",
        "type": "คำกริยา (Verb)",
        "meaning": "ตื่นเต้น, ประหม่า",
        "jlpt": "N5"
    },
    {
        "vocab": "経験",
        "hiragana": "けいけん",
        "type": "คำนาม (Noun)",
        "meaning": "ประสบการณ์",
        "jlpt": "N5"
    },
    {
        "vocab": "最後",
        "hiragana": "さいご",
        "type": "คำนาม (Noun)",
        "meaning": "สุดท้าย",
        "jlpt": "N5"
    },
    {
        "vocab": "修理します",
        "hiragana": "しゅうりします",
        "type": "คำกริยา (Verb)",
        "meaning": "ซ่อมแซม",
        "jlpt": "N5"
    },
    {
        "vocab": "チェーン",
        "hiragana": "ちぇーん",
        "type": "คำนาม (Noun)",
        "meaning": "โซ่ (เครื่องประดับ)",
        "jlpt": "N5"
    },
    {
        "vocab": "地球",
        "hiragana": "ちきゅう",
        "type": "คำนาม (Noun)",
        "meaning": "โลก (Earth)",
        "jlpt": "N5"
    },
    {
        "vocab": "注文します",
        "hiragana": "ちゅうもんします",
        "type": "คำกริยา (Verb)",
        "meaning": "สั่ง, สั่งซื้อ",
        "jlpt": "N5"
    },
    {
        "vocab": "丁寧な",
        "hiragana": "ていねいな",
        "type": "คำคุณศัพท์\n(な-Adjective)",
        "meaning": "สุภาพ",
        "jlpt": "N5"
    },
    {
        "vocab": "\n_度（°）",
        "hiragana": "ど",
        "type": "คำนาม (Noun)",
        "meaning": "องศา",
        "jlpt": "N5"
    },
    {
        "vocab": "飛びます",
        "hiragana": "とびます",
        "type": "คำกริยา (Verb)",
        "meaning": "บิน",
        "jlpt": "N5"
    },
    {
        "vocab": "ネイル",
        "hiragana": "ねいる",
        "type": "คำนาม (Noun)",
        "meaning": "การทำเล็บ",
        "jlpt": "N5"
    },
    {
        "vocab": "ノックします",
        "hiragana": "のっくします",
        "type": "คำกริยา (Verb)",
        "meaning": "เคาะ (ประตู)",
        "jlpt": "N5"
    },
    {
        "vocab": "始めます",
        "hiragana": "はじめます",
        "type": "คำกริยา (Verb)",
        "meaning": "เริ่ม",
        "jlpt": "N5"
    },
    {
        "vocab": "外します",
        "hiragana": "はずします",
        "type": "คำกริยา (Verb)",
        "meaning": "ถอด (เครื่องประดับ)",
        "jlpt": "N5"
    },
    {
        "vocab": "派手な",
        "hiragana": "はでな",
        "type": "คำคุณศัพท์\n(な-Adjective)",
        "meaning": "ฉูดฉาด",
        "jlpt": "N5"
    },
    {
        "vocab": "ひざ",
        "hiragana": "ひざ",
        "type": "คำนาม (Noun)",
        "meaning": "เข่า",
        "jlpt": "N5"
    },
    {
        "vocab": "服装",
        "hiragana": "ふくそう",
        "type": "คำนาม (Noun)",
        "meaning": "เครื่องแต่งกาย",
        "jlpt": "N5"
    },
    {
        "vocab": "本当",
        "hiragana": "ほんとう",
        "type": "คำนาม (Noun)",
        "meaning": "จริง",
        "jlpt": "N5"
    },
    {
        "vocab": "もたれます",
        "hiragana": "もたれます",
        "type": "คำกริยา (Verb)",
        "meaning": "พิง",
        "jlpt": "N5"
    },
    {
        "vocab": "もちろん",
        "hiragana": "もちろん",
        "type": "คำวิเศษณ์ (Adverb)",
        "meaning": "แน่นอน",
        "jlpt": "N5"
    },
    {
        "vocab": "横",
        "hiragana": "よこ",
        "type": "คำนาม (Noun)",
        "meaning": "ข้าง ๆ ด้านข้าง",
        "jlpt": "N5"
    },
    {
        "vocab": "遭います",
        "hiragana": "あいます",
        "type": "คำกริยา (Verb)",
        "meaning": "เจอ, ประสบ (อุบัติเหตุ)",
        "jlpt": "N5"
    },
    {
        "vocab": "安全な",
        "hiragana": "あんぜんな",
        "type": "คำคุณศัพท์\n(な-Adjective)",
        "meaning": "ปลอดภัย",
        "jlpt": "N5"
    },
    {
        "vocab": "うるさい",
        "hiragana": "うるさい",
        "type": "คำคุณศัพท์\n(い-Adjective)",
        "meaning": "หนวกหู, น่ารำคาญ",
        "jlpt": "N5"
    },
    {
        "vocab": "駅員",
        "hiragana": "えきいん",
        "type": "คำนาม (Noun)",
        "meaning": "พนักงานสถานีรถไฟ",
        "jlpt": "N5"
    },
    {
        "vocab": "大家さん",
        "hiragana": "おおやさん",
        "type": "คำนาม (Noun)",
        "meaning": "เจ้าของ(หอพัก)",
        "jlpt": "N5"
    },
    {
        "vocab": "怒ります",
        "hiragana": "おこります",
        "type": "คำกริยา (Verb)",
        "meaning": "โกรธ",
        "jlpt": "N5"
    },
    {
        "vocab": "押します",
        "hiragana": "おします",
        "type": "คำกริยา (Verb)",
        "meaning": "ผลัก, ดัน",
        "jlpt": "N5"
    },
    {
        "vocab": "落とします",
        "hiragana": "おとします",
        "type": "คำกริยา (Verb)",
        "meaning": "ทำตก",
        "jlpt": "N5"
    },
    {
        "vocab": "お巡りさん",
        "hiragana": "おまわりさん",
        "type": "คำนาม (Noun)",
        "meaning": "ตำรวจ ",
        "jlpt": "N5"
    },
    {
        "vocab": "かけます",
        "hiragana": "かけます",
        "type": "คำกริยา (Verb)",
        "meaning": "สาด(น้ำ)",
        "jlpt": "N5"
    },
    {
        "vocab": "火事",
        "hiragana": "かじ",
        "type": "คำนาม (Noun)",
        "meaning": "ไฟไหม้",
        "jlpt": "N5"
    },
    {
        "vocab": "必ず",
        "hiragana": "かならず",
        "type": "คำวิเศษณ์ (Adverb)",
        "meaning": "ให้ได้, ต้อง",
        "jlpt": "N5"
    },
    {
        "vocab": "管理人",
        "hiragana": "かんりにん",
        "type": "คำนาม (Noun)",
        "meaning": "ผู้ดูแล(หอพัก)",
        "jlpt": "N5"
    },
    {
        "vocab": "救急車",
        "hiragana": "きゅうきゅうしゃ",
        "type": "คำนาม (Noun)",
        "meaning": "รถพยาบาล",
        "jlpt": "N5"
    },
    {
        "vocab": "警察",
        "hiragana": "けいさつ",
        "type": "คำนาม (Noun)",
        "meaning": "ตำรวจ",
        "jlpt": "N5"
    },
    {
        "vocab": "けが",
        "hiragana": "けが",
        "type": "คำนาม (Noun)",
        "meaning": "การบาดเจ็บ",
        "jlpt": "N5"
    },
    {
        "vocab": "ケンカします",
        "hiragana": "けんかします",
        "type": "คำกริยา (Verb)",
        "meaning": "ทะเลาะ",
        "jlpt": "N5"
    },
    {
        "vocab": "公衆電話",
        "hiragana": "こうしゅうでんわ",
        "type": "คำนาม (Noun)",
        "meaning": "โทรศัพท์สาธารณะ",
        "jlpt": "N5"
    },
    {
        "vocab": "交番",
        "hiragana": "こうばん",
        "type": "คำนาม (Noun)",
        "meaning": "ป้อมตำรวจ",
        "jlpt": "N5"
    },
    {
        "vocab": "困ります",
        "hiragana": "こまります",
        "type": "คำกริยา (Verb)",
        "meaning": "เดือดร้อน",
        "jlpt": "N5"
    },
    {
        "vocab": "さっき",
        "hiragana": "さっき",
        "type": "คำนาม (Noun)",
        "meaning": "เมื่อกี้, เมื่อสักครู่",
        "jlpt": "N5"
    },
    {
        "vocab": "地震",
        "hiragana": "じしん",
        "type": "คำนาม (Noun)",
        "meaning": "แผ่นดินไหว",
        "jlpt": "N5"
    },
    {
        "vocab": "消防署",
        "hiragana": "しょうぼうしょ",
        "type": "คำนาม (Noun)",
        "meaning": "สถานีดับเพลิง",
        "jlpt": "N5"
    },
    {
        "vocab": "捨てます",
        "hiragana": "すてます",
        "type": "คำกริยา (Verb)",
        "meaning": "ทิ้ง",
        "jlpt": "N5"
    },
    {
        "vocab": "スリ",
        "hiragana": "すり",
        "type": "คำนาม (Noun)",
        "meaning": "โจรล้วงกระเป๋า",
        "jlpt": "N5"
    },
    {
        "vocab": "線路",
        "hiragana": "せんろ",
        "type": "คำนาม (Noun)",
        "meaning": "รางรถไฟ",
        "jlpt": "N5"
    },
    {
        "vocab": "大使館",
        "hiragana": "たいしかん",
        "type": "คำนาม (Noun)",
        "meaning": "สถานฑูต",
        "jlpt": "N5"
    },
    {
        "vocab": "チカン",
        "hiragana": "ちかん",
        "type": "คำนาม (Noun)",
        "meaning": "พวกโรคจิต",
        "jlpt": "N5"
    },
    {
        "vocab": "どうしたらいいですか",
        "hiragana": "どうしたらいいですか",
        "type": "วลี (Phrase)",
        "meaning": "ทำอย่างไรดี",
        "jlpt": "N5"
    },
    {
        "vocab": "...とき",
        "hiragana": "とき",
        "type": "คำนาม (Noun)",
        "meaning": "เวลาที่..., ตอนที่...",
        "jlpt": "N5"
    },
    {
        "vocab": "失くします",
        "hiragana": "なくします",
        "type": "คำกริยา (Verb)",
        "meaning": "ทำหาย",
        "jlpt": "N5"
    },
    {
        "vocab": "盗みます",
        "hiragana": "ぬすみます",
        "type": "คำกริยา (Verb)",
        "meaning": "ขโมย",
        "jlpt": "N5"
    },
    {
        "vocab": "ひきます",
        "hiragana": "ひきます",
        "type": "คำกริยา (Verb)",
        "meaning": "(รถ)เหยียบ, ทับ",
        "jlpt": "N5"
    },
    {
        "vocab": "ぶつかります",
        "hiragana": "ぶつかります",
        "type": "คำกริยา (Verb)",
        "meaning": "ชน",
        "jlpt": "N5"
    },
    {
        "vocab": "踏みます",
        "hiragana": "ふみます",
        "type": "คำกริยา (Verb)",
        "meaning": "เหยียบ",
        "jlpt": "N5"
    },
    {
        "vocab": "迷います",
        "hiragana": "まよいます",
        "type": "คำกริยา (Verb)",
        "meaning": "หลง(ทาง)",
        "jlpt": "N5"
    },
    {
        "vocab": "満員電車",
        "hiragana": "まんいんでんしゃ",
        "type": "คำนาม (Noun)",
        "meaning": "รถไฟที่คนแน่น",
        "jlpt": "N5"
    },
    {
        "vocab": "道",
        "hiragana": "みち",
        "type": "คำนาม (Noun)",
        "meaning": "ถนน",
        "jlpt": "N5"
    },
    {
        "vocab": "汚します",
        "hiragana": "よごします",
        "type": "คำกริยา (Verb)",
        "meaning": "ทำเลอะ ทำเปื้อน",
        "jlpt": "N5"
    },
    {
        "vocab": "ロックします",
        "hiragana": "ろっくします",
        "type": "คำกริยา (Verb)",
        "meaning": "ล็อก(ระบบโทรศัพท์)",
        "jlpt": "N5"
    }
]